Account,Token Account,Quantity,Percentage
cJ8iRrxaCnWnSbyFsezoi3RUUDVnYZjJoiVoTFQVGg4,29tXCQVrmrhskAdQt1GTFWH19LPK1Ns2Y5bqGdw3HjA6,272248.002975119,26.35
EYZoYNewKXHrNTce5WRj76p38DcRrQ7cUiyEoFbrHnXq,7bGk1WrS8BhtpSed1N2caY8CMu4dpQdDnRtMRdKrtaQR,176660.296483862,17.10
8BKFsRgM17zmH54shirWopoQHJaZgPPAFhQm3dbc1pQE,C3Q6CdKqckBhrLRk24p2MutSpYVmpBMLbBQnsqfcE3Py,152994.65536643,14.81
8Z5Xm3Luw9SiKtw4LUvgJ846RZ7bpAaiwyFPAHpvCUiD,DMVQPrQuseH6QWLStmCC9qxpvGTvWirRQr6XDNQaYgBA,98734.940860191,9.56
GTwpMzUB2waGHFsbLz2T5YiqbNWDUrZ8P9tSVb1wBqyN,ATaV1Dzbhb6Me4QqTBwDx2nrfVpSiY2FFq7K1CAfibYV,52693.388651265,5.10
FyJHGX45ZxrSMcp41FYgPmW1ubvrZeF4adKYs1PAJwH8,7gci4mRaupQNSkx685a8kteRByDy1habhxzKBAdwNpmm,48143.366195659,4.66
vFZ85G7Zj9PPZFKQ9ohQHiTJEX3wAjzAnLThTbP9H2d,AzFKjWQZEkBC4o5b7nZDiUhS67iBR7JiHg8DoHEiKNv6,27134.250837226,2.63
AU1CuaBo5C1AsbmH82hx95DvFgbDBAEE3EcPfJMPqmME,4GqrT1jgBN1zdKHxbQ1K9axrQSJoK7XB9sTXV2LtXGjX,23777.606931533,2.30
4PL6nWVY1fWd6bhutf4YFA4LCWtTjSQXoJWnJkQ6Fgq9,JDSXpQC42T57TiW3MkekZd6mrgPrsAu4mwK9kQVp8uLU,19961.020949392,1.93
FLFyrahpmdpgaYtdbWEM8UgNsUnfQutZgoVCYHnJLURn,GdADEUckjkTYhhncxVm131BguZKbhnsYpeZt2iBn4zpj,18292.04210929,1.77
FyfcSr6dchM34goc3TwgevNzhW6ChaSGbyCaa8V1tkkT,7agVoFkFgEvDYB5vbwzNJsxpYR2JqB9grfue5RAdbkgG,15625.605626319,1.51
8CF2ZM4Th7VWK5n8zUsGju5DwAYUSDmP8aEDwqnUDTqc,EaBPgTAjU9nWJGJjZ6xt3vPsPZLbTz2qWeXc9FCa7gf9,14136.426544046,1.37
6x4fRJBdyMV2Q7gqSo4RpxasVxotvGbuX1cFWoEMVkut,C14BFXmAgj8ZqrFkPpxhPyXFiMZ6E4PvSnctKAo1FX55,13933.465227788,1.35
BYgjXnyYtbxwQwxfFSEB8kBAFDp6bi4YmMX34mKeV7Ku,8tWQczSiEnqHpfsJ7fC1PcHa1aScQDyoEK82KXgBAUR9,9789.075993392,0.95
3rD3iDJmZkQAjc2ZxTz4jqNpz6CxfigiDwUJQ9j6mPsh,EAWbRZi2w5jkNN4aTPsHsupSp8vtM6KgQmijaBYcuFbP,9373.010739976,0.91
Dgyorwh1aauo5uPxbaS9RNFCq4nZE6gCD5xx6UBxqmy8,GDffGCTZHUzUa8JCNPNUZWMfTzJwMs9xchd6Nt1SksJQ,6678.611482434,0.65
7tna3bS14hhcZaWtL9yb6dTen24XEkzS4JTvcPQ2nfnV,EvvXiUnQKKrwpJ2171mp6r29chwhSqoqhz31ZXGaG9oF,6278.999837336,0.61
EFnms1LLW8kwBBR8BPrBmbyDAs3hrgi1ii8hzd6ayxGp,AKgcro7ZwUaXrVGHr2kWhC7KcfiLLSGvxeNFzRBHwnqy,5820.53760677,0.56
7o9trzrwuK6rXgeRqT8eTSHFgsADZ8jNYE95St5Ypjp2,7cZ3zbjmLN3D3sdi8ESBD8V7tQahFZgqEVwsbwEJhcMp,5413.775677922,0.52
7KMW8CCdwwdrLAJfcKrbRc6sDC1pcyhT6B2Spg6WCNC6,7rHkQr5wZa93MQunPwWdoLcotpvDDae4WWadSiVzTHBn,4412.447240734,0.43
DdiaNyMF76VDJpdyj88jV3xwrLREXyswtUydWaXBeM4C,BbhYrPk1WoWVuu6EUf1dFuSaXBHpk4WpfPp4DgoiiN4p,3709.895596222,0.36
6HC9LVUtwZMkCM2wADMXCDehaxGZm6z2XSBLpeNgSwJk,HoSSEciR5Sf3kzJnCaSTET7DNaSHduGox9WhuoTXg73v,2940.683348848,0.28
j5h5VzETNPgnmPazsA9SUuPo8uRVFBXtun2AyBk6Yvj,HC8zyP56naxmX6eB1ptJa6NZTjf7ACaqU4ofCC7LTPQk,2888.282172507,0.28
68aaRgXjtNEjnco5rjRSHQowPhEZB35v7V7ycHyb8FWv,4mgp42en4CWK7BthEHEsGVnFmyGktVPLN78UxuQJRDaD,2668.782577168,0.26
6KwipBNn3RNaPmQ9JBQKg7xPj1jXhu3Xx4nn7Vmu5a1y,4Yns7En9WY6eX6UX59vNNzoNLQbpcqxYHtayCCWJYZNf,2664.511162245,0.26
2Knz5oKP4VsjF9PkA7WCyZWZsBig6zZMcp9FH6aRLwjP,DTfBevCjQPknLnQxknsgKfs1HtPU1a8vKWCvNUJq55rM,2640.776947137,0.26
8EK76V9F5A3ZC5HZUrFt2QQKZfwdyDXyd6eAAfB3kUtL,CELM5x8jWDiqujdPKXLMidgQ6ibRgqCBSrKAnbzJAaqX,2542.817363145,0.25
6aW6kN4EUrPZrH2Yvxzvv8nuQrTW1QoPQdEdRSJBuxsT,DtFExKxksSnBXbQmFfimDSw3h99BucoQdwMxc2j4S6E2,2355.216700748,0.23
61gKxW4ttuuhnY6eDsAZwkPQmDC8auTbJbhiuYph4sVr,3h9q1c1QCoKHZKHdj6UJ1BLo1aT7QJxoDJTFGYh3aXUV,2203.590629328,0.21
9SSt4iUb4NExyjqd7gCcC7NTmjwHTw9fW8xDf1nwLM3c,C5TUPB2nasvbNyaToaFCZ5eEkxUGDr8MPsRcBA5w4n2H,2054.60718578,0.20
B9ZmUbATmmNU6TfLAGKucyKNp43mQT2n6Td2Fbg2gSMB,7tkpY5NBryfs7y6wiwpcQLnFoRjsGMQiqobfNVx8gAzm,2053.089010057,0.20
3wetWB7DhhM3unacZ7iwyk166x96oPVE943UXdeBp4vi,6aKUKwrWfAseHeEnV5ipkmt8XUDTu31Ttx4x7M1pbRPm,1878.396158233,0.18
3RC2YpRsh9q8DarWCzHuJdjuVhGQNiiGMHRk6SXNaBJL,7yWhrbyrQx2k3mAR1ZkN32LigExz4w9NhHXqCZAFgg6A,1830.889093369,0.18
5VmpWoVL1G3rKoA3F5XESGaUwXkoZgxBTfwMcc4aNtJU,35vw8zAQqAguu5HntZ9zUdmyxA2sbMMgziKkNpNFwj23,1762.375214278,0.17
6yCREUmpNaBmGzpCH8L7iRaDPVJzYJbZv7zAn96xbcjf,n9UyfB5ZGz5J74zcRvFYeeSni7me9JL3fvqabcULkQo,1759.317767685,0.17
Dip9uiHxct5T5PPUc9YMfqxoTgAK9g5AbsbmbNgmfiPx,3mBebS8f7q8r544qd97yNnMD4wHU6Q3UmjeV6TEH9GQP,1693.466343914,0.16
FqR32TbQdKQLuvPZ2mXqm3JTsuCCtnvbRjWo4aw53ACw,Ekstz4oKdjC55dP3xNzEULVBzon4iFZiqkFyfux5Vz4Z,1383.986432058,0.13
GNfGd4ChDEKpLvJfkKCnFBEiMh3GmiQ2sisUx2rNtg5n,JBwgUuhqrTCVyg2iWkUVYXM8ejZxzWqLWwseM5LG1Qku,1319.778450195,0.13
ExTb6JwTbmNkiqxGXVoSQESEUd9cdELwKhwvjrhdRPro,9vNtSd7LhmovWM4p9sYZuhS9CLKqrj9xrjULwFqP5Jcy,1304.993213931,0.13
5prM7dQkKfi8XR8tnJM2AoRMPNcHk7yz6S7ibpYPkKtc,3n6wFea251g8qtibPswrpHYVykrECaayYcuarESPXUtb,1220.843838411,0.12
KQNrphvyEKAhACaGijatmocP6bPHSQtJxGNRYdniQat,4Tt2nkeTkUitYrUtrCuxziriiQd3qhUa3YQq6ckaR1VM,1213.723882096,0.12
vJikcAL5hr4xerzm4GMmjkBtGymYytfCBZFBaCBfWmx,5PNfqiZdJNFBbeNyMV96wXr4ssPRKjTMCoCytQYRkrdf,1119,0.11
2NfYqtfQiau9YCfjF3mE5NnuhDrpwKo8G9ZqabkmDjcA,HBjSk4ui3QR3RPJuspbsbMRUmjN63zr4Kg2xPpexEKvG,1118.700529851,0.11
75TjwxzsJHHnwGZpCdXQib4nx6crHCKWE3fpwuqvop5y,2rC3poKg8eEk5LEFHErVoM5RACsmXfpFjtVDVtQuLgQH,1055.207246811,0.10
AzVvguFZ9toKny8wu4MSpFHrthctAP1RNkCHuXKAEsRx,94Jfe7P71DmrsuyjV67R4LMekJ9jis9cZsRsvtcPRnhi,1049.07920472,0.10
4vSrnaVu6E5fu4fHXQu4kwJhgdzvwPsgBV1sCgxymHvj,5n127VtteFz1CYf8Byv2Qt3L1U9FdA1PYsZDmHWCGQPx,997.726701077,0.10
9HLwyGcBMvPxi27CfbKPM8ZzLPtb8TL1BwxiXgCo7asm,9G3bdoHoMo5sMQeQeNjGGasSYsuX3UYqHNT2y46fvxwG,982.127061414,0.10
Davu7xz51rQPCHCU3QxSDgkBW6UwtPtcbysBZzxhK3bx,E1zs5Ed8bNiKjKnduh2esZyNQFbaJuFegQCrxRJxRudB,966.487366685,0.09
8wJLoSLRLGkvZZvCT8kPV4G4PQuTf31TP8PgPicW1Fcz,9PUuywKbeK4Mywi7HaLjubgSvxkLz5LZUn8r9znaPVj8,913.013945946,0.09
EcUEaXkzqftjEq6DdFE8LWoogkwdia3WaRRMWxV6HdwX,6fXfEghB77mq8yaeduG5xmWRFPbGhUxLzKA2gJmq9V8s,890.326065142,0.09
C45LeKYheQRKfSDcFJ9kzCi3kF4hSXUaoTexr5DGvxeJ,63M16TPofw1G5XRyvFKFYeMXr52MvRMBjQEg1eJfzY9C,881.084348436,0.09
8a2TcKGpobTMTXTy5Atfk6hyQvTWhwJpPc3oZmzhKWyk,8ZRnswrvMcCzaLMdCL71gfV35qERKtgH6RmXFHciCZPr,804.557365311,0.08
D5Mfd3o5wyogZPY2pGffDkxsFWmrqTghWSSV7ME4W3ur,DrSxbw1PA8rWgT3rACNjnqw7JzrvRVSmyGuq9DNNEkn,794.90949237,0.08
FEDrgvfLxaadBN7i4eYf6w4Dd5PM4nxFguo3YVQKYBaN,1erNiG7BpP5QCkaXhX9d7PsLpdsjpU4pNHf829cWJdv,700,0.07
5ixphiMo8sFo1X3N8fkVnRFrFshXbyzeZm73DovB4Jjs,5mR6wWrJmdKSmQyrHRcKEXoPTUYdYiH1f1yVXRGmS1Xt,662.94982654,0.06
75iTmoYnuVDg6Q1XogTSYEd16cLAEX89Ld4pyofKyY4T,34gNNiDcF4HvwddBCJdf3CrRSsXaF1BZ1MjXZXZmqEQe,655.066668603,0.06
F4WgbXGQmC6nEY5FxwTkP5z6Rp8ckFTpm3wx16SM8AJ4,89Afb6k5cuEQUadacjtP97A4YDyiAX6cNtQjLdhdnV1M,578.870815146,0.06
4FeiT1XDYKzAPZstVNDADvuFxAUERJwsgb8BYnFUicFi,4VXMar4JNdoxfaXez7wqNEYutXsrJhRVLXksZhNG4PJ7,548.038598568,0.05
5m22nGNqPHJzDiSijkfPfXeSTUvczAjMzfFGHeJy4ePc,5u5iDD26mHM2XUwCVQCwVjmesBfcn9XVpVKQg5VcBxHt,507.892903441,0.05
6UBsCsuugD19KrNDCC6X2KU1R2FZQ49edUFQhyurxthQ,64vMWuf5nmSEhuh3AeZfz3vN71riK48cZbKrUPYVmBnN,493.531946326,0.05
4RwHNMiCagu8qbjujUabvnr2j5pTiANf3pGYRwLUzeTA,2kAoNyyx7smaTSZsVhb9rw5RVPSwe7BTb1hFJGoZ7Yqf,473.853569646,0.05
3dNpNm4hpcBZk88TdFCNiKreYGqATGZFM5eM7T1giRg6,7qpL42GABfd68JrvYXuUoeDdUWtsaUbeQTtHY5GiQzsU,473.448544832,0.05
Ap4jXrh9RMVWj5s3gE4nLLfXq3XVpsRXZK9jWQp7MV3K,3Kp5FX7YdAJeYnk2YNwLAbKU9DhFuyfhg27YoytWjK2P,453.044263392,0.04
CiEEKqKUG5nJqp6uqwN6aNBecZUf9B6QT3c8SWz8VaK,9ZLmA7EEMqrRZefv13qzJDWBQ49ezqssmguL1nZJm7SY,449.13752001,0.04
ysC4JtxVyosPjBQggokUkLMZxapCKk5gXU432qeVbyb,AdU8UHoJWkUT3b5XAqQCqw5CqyKTMg9nydGpoeK2eKKe,442.524931759,0.04
6cnkftowzL141dj1C83qC6YbRufjHMVjTi62pvTMGBoZ,CwyqWoBFNotFtTs9wqgGgiUMsiNbRif1AdUvLFc9ocS5,426.627294285,0.04
GutqpJtesEAF8PtUoFLkNGWCpoLSgoaEQhBJHEQhy2Jc,62dikWcXXhD38RX62LGUWib6qj1ue2QMEmjTE1AUiKxN,388.136639846,0.04
2vYydpjo2K6NA46zDFwB6ZqTQS2DATU8QduvwRyLmk6Z,4gP5ki7hEzmuWB6WbGQd7kopGkLb3T6MeTqZKE5T1cN9,360.026778214,0.03
CWPUgvGUWhCgkJ7JidmPvV8v44vJfHFFFVSEfUmV4pL9,8P91u3KrsAruyB1F3EZJcY5cpGVKfRQHiA3iZWQsXE9B,340.591350896,0.03
CwADzKNev1FtYwZXBhDCiHRpt6AeLJvn4EqmYy9oc5dv,BKHnRphTtFM7PBLGeiuZDtKd7Kdt9vvqAqEiMw6WoHsD,339.839279585,0.03
3L61LGpVynKSJy6EqZwmKAjPUmW8UboFbmyCpiBLJKum,Bzv1b7hoHFnXMxiC2UCKZ8aF7e1srEGrHNH9vE7sEi8K,338.373080976,0.03
3bKinRPKGfw4S6z5f3iRXYgykzcQLg2qzWQzsUaFNMX2,FWruAUuszBK9yXcwCU3Nhknfx1gpbKMUDcwJQxFDWKkz,332.717525213,0.03
F64MJdE4YN9HyiiRS3LWUTFZvBehb1cLvdZMq59Jgg9C,7ybGjdYFd4P7qsUNxuAML8xNXB7d2yLzxC8NLqRxqhTJ,326.151324579,0.03
6VVL8hrVdv9wM43aqNKB9J8aCjz9aU1ka3KRzcUCG4ro,4nD6iDBE2TZmtXkDUuLZs5CJovututBzDeFTfFqML3AW,319.152618167,0.03
BZXdAgJ6JLJh9SjiZLrCFqTi23JohP6mjfmeYdDaUL9u,3JZTN5361mFqKGL6M88V4c7K6g6sB7i9DRCGQf11Bnt8,308.507226784,0.03
HVUDTukCHWpcyqXV5UhRTgq25kTgFGzLhDyud9jt89ho,HA9GXzdgsxDBVnVHjYvwt5SBDWK5EnjwRf3mMkTGiTRb,304.357780111,0.03
BMdQb1vdCxtRUDQwdAzfES2EiwX8SUeXvgkHT95BeKL1,78Y6xC1MrXmJJabtoedsZAjndPGyALmYGBJAjsa5EPPN,295.224443672,0.03
A4E5o1a7mtfLWWfbw2AzCzjcpAdaJnFgmXEaqnUmEJVT,9wdevJEjpShNBwokswkuVEwQQTbUZZEWmYdLF8vB1inp,291.867373142,0.03
CyvQwCVRLuYkuroFwKHee66abNxHy5SRa3Sbv4QQxfaP,CdJmwZ8xnbmtkdbrJXpUQAoAoM5jYd6YSupM2HxLd7Hv,283.552372628,0.03
2YvcWECBFNmbgZmvfDmRG13Kqckd6uVf9hriDJfz3Gr3,4DgiC5SsHrYQQ2BQ5VXoC9aSN35NxSSWMUfJiuWAS227,275.516932211,0.03
74aZuvD821zEe7y3h6WmrJsfEPgCJ1eqv3xYTpyVM948,54iFG3rGucP8FJ876fgaVP5aQ13f3FX55mQu2ReWotUF,267.24826747,0.03
776Uo9g8E5mdpU1WHZ68YvgzB3YNj1zGyi4vMCA2QA1i,FGBEuqTbwEpa1poV3NcijPKpLmEDqXk12ES98qG7PdXe,230.330782202,0.02
EgkhVn4pLLC5Apk3zwtqcGvukFGsxuYx3WEuDMWN9TUa,GHmr56ogH3jYdLBERSRDdcFZNDHPZnWYrFnwV2n9kLnV,228.068905334,0.02
D4t2Gd9hZaMR2qpn5r2pzQ4Ldi5zWoU9i3mkjQhrXASQ,AcEovy8Zsg3FmsG1bCUa5xtBBA5kARcLnhy5YeDLX75P,225.738723439,0.02
7oBBXrvFHWdYtcB1vAzz8wLzbwFBjRaJCecvJ4ekJ25g,Ba3p1177rGFDF589P7voDuXABrq4MbwFLcb5sEjoZffh,223.250936474,0.02
32QikhA3MKa4X5K5YyhYUhUgYVRjoZCkbK86K8RM56Na,4sAQN5eycu7pfkx2K9GrWiCRTHJ3uJ38X8KqC7kvqyrQ,220.253911061,0.02
ZYgDTDTPFprcL6X6K7k2H9as4YWjQ3ZiaXe3wkJeaTA,Dd4yRH89QxkCurY5zZ6pTAL5bGsSAKnLKPfj597QidcU,214.556484889,0.02
BfbyJ5Jvpo2fJsZsxg7cYnpkaDs7EVafLokyrUUUpx9R,DYQLMQ9pSr112hsJkpYfNuSHufWUTzGvWe729CNSrpdS,196.718286264,0.02
82GKy29sJTLdXZf6g4ePh49tZezddt6mj6poKdGPaSwd,7h3eUfk7YGZwLDPpnrwjF4cdusFymhfHU2BVLDMZNJQH,196.476987585,0.02
Gs8sguuaYXeLpbTEogf4beZGSxWQBb3keJwsj3sa4jNa,FATbJrktbyzUwGU235WG4wmw1HV4C5cETpXUpgjQCWkr,189.122228812,0.02
9nvhrLGP124e6fwotMAjHAyYH98rVW7JyskEiXHEYsLM,EFRHozENpAG5kiCPuLvmuTM1BTzXBB54icmrF2cE3afX,188.53084888,0.02
6rHg3vDAg8dBtjMTSKqVtfX5BKDyJV6GQcLbjnMs7N8A,Cy6s4AvPcxyowdU7sKWo6CoKgiRytzmuQkGCRNLEdK5s,188.232164975,0.02
HAU24GohnwzkKzuaRFhFbDuC6PqthrA9ZEGA1ALLjLj7,AnTxBebQNrR1ojF8yVLCq5yED6uyrMyJRRTyndf1PCu1,184.060411138,0.02
VYP3FjqvGNUFbDUxnBFuZ2wr8q2FUAGH1jVtXhWNF8p,FEj41WWMbkDtuCKyfpfFWnnYhnB7je6nP2CyhpMFo1Sc,183.138521381,0.02
Cf3QKB3baiq3rM5jgDDYWzK6Jv17pLrEifHsM6yyQiH3,DEAEJu7eV5tqkFeSXuFRDJonrMb8EJKAnPsjWiMxGpBU,178.241697115,0.02
5BZ8ZZLfiCM5Jgs9DyUSoyhyPAVex5tcYo1x3cfBEC1D,GLM1yZJ2CNuyUbBjPZSnFLKSejzr8rbFouBjn4VXFe9w,168.633582046,0.02
DhhegqX43SddTbUwx6iEBgXHDzNzGkSMEabnSKj7YzM6,9o7u39ZnvHSR9NWMcUmqczpSYMUkGfttvnD7tgYhYuQ6,167.568172554,0.02
4TqZDV76DvsFd5PjGViiACY1PayMArTkrhBavFVTHjdo,9gyrd9ySmyPGgn7uSnK5PWh64Ppx3snu7qPkf9dB3foy,164.587340056,0.02
8UFP1dt1qmaNRyTPzzk2gGbKRWjVjtUC3jWRa5ivAra2,9qAEXxs8yHFJKFbUPapVCiRZfrKYMNW9cenciYkrNs3r,162.641445793,0.02
E5LFLJJCHumwC73EzfQJar9BjwbSEbWJTkEobpnZReF5,8PZGdb6dYBTWmkz6vpcafD3UEdV5zPGrpWWFeboCrbBt,160.90951415,0.02
GCYdT13tXThdEBHJSVLbitEMuWcB2xiqKnZR9BFwCW4Z,E3JefJwA2rsSUKKmq1UWYYM7uMes8qjxJxtLJ3rmUNE3,158.276799275,0.02
J9XpzxUwj3aJBbiFWKkRGoN2FYPnJXqJschd6WBMwALs,FLiGYziRJMhiu96sLwDBUZzZkGTLRUeRUdhPre6RUokM,151.910686927,0.01
ALCnAJyvD5PgwhLJdcY2XeGiziH5Aq3WNppS86pR1usZ,ZUib3WsT8HF4TobMHo563omdGujyaeBtrkkwP6pU6BH,141.274989757,0.01
FeeDDPj4zHACcc1GvwEVo2MQDQwt3bcxNvYhht6JcCtn,216P7gNKiDf74B2caRjdBdRGyou8n7xqwp5aQEzGk6KF,140.500437474,0.01
2dsEvDxbRYTi4hQQUmRL3qA6wNefzcgVkPaKx1gNvk5k,64AoU6dSQBTGBzGb7Zh6aXRdBnCKTudDnB1kT1vKuSjn,138.613541071,0.01
HyZpHUJmTToPGDWu4PEXwY33SXf4gZqoPqoamFJHrPVa,92HpNRPcyhpZRQ9H3RoXCqAkjkn3bJ8c2KQRRGrDBdqr,133.380847823,0.01
7ExLTaovu6KVoTvafPs5VEuCKGwK8uFy6RaTSAh6qpUn,GCW5nBgaSE3a4qjYV2uhZ1YEkALW3pP5URjq7BHgz2ZK,131.748041606,0.01
7HtUXAzp7UfeRfKTnzB8LJf3brrS5sPQN9oNXXvW4Co2,2VZ9ExevSsH1ppGLymdkyrfgWJRwMrXXBc2w1NTgDgiU,130.265787775,0.01
8gx1rinmzgchBS7V6axeu9wcYUdKvpDp4Yjaz2ujVZS8,C4LxdrG7kMAMMAKrfnGu8REwjGndvAjRvXdEyQp1DLJX,130.234713221,0.01
2Xs43LZWyWCotxqMm2apVFRk47Xx3UzhUFVAtrY1sP1A,EBSRs7kFSBvrp2PTRj2GUGYpEXQQ364ZuZ2rKw5Dfj4e,127.857857429,0.01
88hGRbXcqQrJ7DgJc2L88ngphQZZ5fBorbHWpQhoci7v,3CFnY81NGBSeBGQDctyXxZ3k4v7NAGsGj6Z4h43ATwwy,125.834034263,0.01
5qAmBbgo9iQYdxKnXU6RKX91r3qNDwH9riuz1ynfncBg,DqGrd3mV8SoptbmFu1JQ2c7rYWJVBbnTGPLGbMsxucpu,124.077376096,0.01
DM2TxABuirL2D4QWazsFMbShFgd4HywvtP5UrRw7643D,9nevWMLZNi9Leb4AwmXrM71fTjrhsDPjdDYxgRCggGqZ,123.455216643,0.01
J47hRABc8QAnv4z8Jvwvp9V7ZgSLeQ1o9WkNNB7631iz,iL5fpFaJ3Tac19pzhmfjWn8EkjxfmVPuFyPdfn7AYHA,118.784174117,0.01
8j5iaKzSNR3CFmSZa4bmFq7jrpxtdL2soHdZ33QDrTmr,8DqDQtSRfNFBKYrcQxrbSZfVfSc1ZTtaNdCadZ79LsZP,118.371091252,0.01
EhdMgEzEHC3UstgxKKSHMHFY5Dkf6xBwTSXpPM6x8fC4,EPsojjLfMj2zcsr9RckGhZH8hpMgrTaKBB5t1MB2gxEt,116.03241967,0.01
Gtf3b5pFUxmvDSRnUMG5PCjjAp41wkZy75jy98fJiXAU,2hRXBCh2DCjQNt6D6A88EzZc6h9UE99EdtMKxVq4vFz9,113.661976444,0.01
497HRSKQrUL7TzKtGaLGFkqN2QPKuwQy5zShuNK9dRoK,8CfGs85mGHraW6Y7ybCsdkbvUTZLkxYEpESYVxPDpo4w,113.385299896,0.01
CUjjHkNfsFKCootkae1u2T8rhCXbZG4H2suBfpKimyLp,6xS6iaiuaHHADBZJaZj1iuZhMhSZpDFaZfcv2q29cfJ5,111.742741505,0.01
J75PwRqLVvWLkA1GTUuq2wYe4ph8iSbMpaKK7VAdYUR3,87XT5J3eQ8wTssGkgxXHpYA1isMNurEJPwbZznTo9QgM,100.207671539,0.01
ESh4f7RKBwAeQbknfRrGeVLHMy44nZhBLrDtMEeLxz44,XVbCQdJDJtEygnAffsZV3Hz1ZCuwFfNC7G1DY3iAU8Z,99.369987814,0.01
HbnLEHWr1JjVKH82RPYriMLMQXfR6EM22ynndJZ2LMY1,DuyJVRh7edCzQB1B45paciQzLWPnZhrLFzwgBqWHSV1j,98.8794818,0.01
4rXXnaUwX7isoBhRnrnyPfTnKZjqUGktegjBqCHdPGcX,DNwAZcPZCieKewttSkn15AG3mA48HUB2p2UfhL8k4PCB,97.833783697,0.01
AgeiGonvAiepE5ug2ptDXHnGR9qxvJwziZisogHYnotr,Ft53mtcgesL74Mx7nYUptUMtvRNfuUyTyR1JdZrrkFme,94.674754833,0.01
5b9SqF5Vzr1UWG2j4Hs3NHPr56op13QzvxgME8Ujz2Wy,Q9DbTfBrSu4rkkjSEa1HKAz9GcuK2XPHxULHccS8iMi,94.411721246,0.01
8nV6o5ZFzqVWiryMqjaFQ9GHCkkPucBP7PZ7CFZxKBdx,3Wqu1UamfffbSZQxjFmDjRGhHaQmk3jXAkYTGsn5mr6i,93.865603747,0.01
3v42PmZbMCdeGKsjHffzSxhGz3Zu5J4moNt5AFzGPhZ2,3iDLRY9WniqPAEvNC1hEHiRvqmwYVv5VN9xMwxJQcE4G,92.213041767,0.01
A7qoaBGReSvXi2KLAwAgQwmDwt3VPQ2Y8bak7isbcJcR,ArA75YHa7aT3az3GocZ7D3YDXmdZfCkut3iEMMMCvQhg,91.290130914,0.01
CpRginF2WGcVgNPZGn8fAKWBqosiyQDRR1GxMzBmjdvW,5tKnU5iPyL5Mc9hHqxF5gBtJTQHDrmjtWtG4zPnQQbwa,91.247902903,0.01
2UKWqwVNYNhPFMVZmpjW9GgPdw5BQLhfxgNfCaCb4NHp,CHrrQrbe3h31TGeeUa8xfDadPeqWgRKEY5WK1tWFRLkA,91.049914673,0.01
F1stLeSiQasqwcJYiezivqGzmRf1a25bpXudNjNgWeTr,Djog4JUkGWhf5cMmx9jktcyeupwCvYhJXKZ1TyKq5Mvf,89.405620218,0.01
9eByxkkeKLWom27sUXuQQGBVmt9U2yz3cHjQyK96Hzrj,9xpnAG7ccxhg3SkHiM8JC6iHFR3V9DvvFQLbnKdvk4qZ,89.225325505,0.01
nY3fb1MzKpwgTVC7gKH7bAPLAVSWCvtNyRs2cyAoyS6,DyR4Y1zb8zvZCpFrgpw4hHGsuPriydrhQ2syeRUmTxWf,88.862241884,0.01
9DmZxt4NKvn3tiaaycBeZvwga2GdjPMFb1kBMEqbxEaD,EDqqwWuCmSGJ7jYo2VspSCN99oGvNpgC7K57Jz7BScPR,88.075605484,0.01
5L8G31mX8pKxDmY8RBtVdwQufGHV5tDRfTcRQg8rgtXk,6znP6eSUHZjrTaev42vHuDvaEzojbbEXqrYN7Pzs9wPh,87.981539924,0.01
63XwUBRk7jT7VbMpSpkeqv1PryU2JVy9mWXL1ZFxRdwP,8C9bTUzKns3fFJi18gFE9cPhtSqcokuevfN4B4UonxYM,86.774203763,0.01
ERfZmohnvKUDyE7GHHdeUNjkq7wRUqrAvcpSRHK2gCqw,9eUZcqSjnEcssqV3EkGn5M8xpVBperHr7UR6dqA5kyEV,85.928032149,0.01
78udagkQVECeDCcjXU7ppWBpsP8bL7BmzAwATYd7rsyb,58rPzCCugDVxhruViC1B4Zdw3chBx5zzsMD8PyugcqdP,85.503144149,0.01
9TiSmMnt2W9tJ3J7AJNzNNQ726njbeTw1ePu4fgPu4qs,EiqKTVYx5puyuf7TSttYhMHT2gMfiViSHUhc3ENQkVUi,82.923511864,0.01
7iPJmGhi6FaLKBNxjyP3qVNX6nM3hs1VSj7B8nAq9QA3,3TowZ1msa8cAWihPiLRZXffNMQAe1eAZLd1GAxvWeWTq,82.389184958,0.01
CV4npjFZbNUERFA4p6LFxD6s3gxfCTyib1GqqYuexjNy,CeTtxrveNGnmzpZjzKciQPC9GC8H4BjT7tZnhnqJtuhC,81.987733086,0.01
5BZq5J5Uatp3TAc1XGrnS7Ft2NoFAUXaEVMHTUfVut5s,GPmLFqGztGJmmNZbdeVGuntAa9nWs4RixQLWxQS4g3uA,80.729184677,0.01
EvpVmej1BA1da9sDdcsgNY2xtxejjAzQ17wfbFUDxpwJ,HrNZcTTJKYLnFjNwaxZnB1dFQwr9zN3o7KoJzPX9SrQy,80.014112267,0.01
Hk1dxncFiJZ7q1gNQfGF7DVWMjRUY8xKzB1DioFSr9sS,4Gmxa5P2bpiJeKYtnc3qgVTVt63tV6JbyGFVEXqb528T,80.007441869,0.01
HiK7MZEvVD4bxM5Ea8qRoL54PHiuff2PMvNow2dTvnG4,243u2eNaUAPhKGHHSWPDni3RbsRkDGN9j6D87bBavAEr,78.647694738,0.01
HRTPniSY2cTvyCPxvTLHrJZKtHA3i1NrHbtpf1JnrrhY,2gxgxWk7yiwDqpr25Zy6jTHM3Kp2xfrwsZNeRTLPosWP,77.770896674,0.01
86aZZ78UzP5hQYhgvZs7rgAtgvrC1m6RNRMxiAwPP1Xo,3pyuiEAa2M4JcCGtE2AWJzPp17pX6Z2KBs1dWgDHNstN,73.486222243,0.01
GqG671tGbHhS2qFscs393kwjpRQcR6nedQA5xHu2Lq8,3UKJ5Usp4JNxYNRM51KZJ1bKswXsotmAtXRFdYhf4RhZ,72.87691906,0.01
AZqSHnQihmgHewr7o5f9xWj2BLiqTMwYQ8cMAr1CREBz,A5cRGz8SyzfwjZPDYH6MLBz4JJDsMpJtbBRpE96LSRkL,72.532672328,0.01
7xWzkwMA16ua7A4ZM2znb1rVKFNkjdZkgwojFjt2XuRy,2HtcozuVr3E8c7eoCX8wbhPv9eVarvW8sEAKD2RC8a7q,72.172631935,0.01
9wG9vEUcG26nSjgMvdmnbRSf66PQZWeDiqYcELQ8T9pz,882iFApfdsYZy8um7JrZTP7co2pP3mnN1LBGSVEB6GtY,71.560173347,0.01
9WV1uosXcbtHxgC3dDWZ5BncXVk6CBUudoamg5x8z4Xx,8bXocsWduuH5d9ti7u4s3nooFjZSQu6gMNvzG1CjKF4r,69.248593318,0.01
EG5oaoDfKwMPbRx7RkzvL1QBQU3its2eZdgQYvRVDkb6,4tdfEnjiyuEPNNgrtpbkZz3CGZhGbRCmc2YgsDJQEuB1,67.845020728,0.01
4cSVe8mr5soUsNt2CK9ZRHXmiXpYvjVgcNZfLiG3GPUQ,FWTqzp39eFq8fHX2yE6ytWY2Cp8cKsW9WsYqfohLbez7,66.10593511,0.01
8CqBG7WkAZbmJHURGcEVuUMwjSKXQAvBzNvcmD6aeEfu,9CS66Pn6P9yXnjdLuogxRQ9dMMCGMHAkHuW1EyWeT65m,65.526749381,0.01
4yEHwzLNfqjKe3xZc74utHyqxxwib5rNsEPWoqDCyuLA,8kHorD6YgDdUUiVx4d8QjzuRxh4FDphxpiskTKnFt7XF,63.934834736,0.01
8A2eV2XPD7hrTiqQG83sEK3htdNPqv37TrnUs6QNDmzz,HPV4wveNUjUYT7e9jnRLLkQXoh6HWJKFvPpMGVEjiYYk,63.262180059,0.01
E5eXEFGqTtsCcEoKP5kMxL2citrHs2Gia5kXKuGnMnFR,G3xituY8gAscQLwS2kR3N7iT4YNkJgErv2aqMTkgyGEQ,60.852680417,0.01
AtrnoCoxV7UUQ6i1i2QKrr8ZSohoqrmSFFgkPCHnd5aP,6CBccARGfGGiFGXZxGCdor5K2wc6Kz8EKjNf5KdVj85e,60.322983203,0.01
4YHMmvtc7q3cXtzhRB59Eo6FntF7BDqc6uYKx1eFGV36,235BKSLrdtNKpme6934t9UohUUUTtoQd9uwwZgsESoXa,58.009297713,0.01
6b6sJUmJsCV3HRMGM7P2s7c8VqyYxhJusAKjcFgXGLBu,6GU2yyHRwDisiXAKeoaHymEcTiLJst9QirSGpau1D8i9,56.099499263,0.01
9jDPSK2QeGYzxQokZw12PEMAgyanMvNYqaSNZVo6KHWd,GDypAjrzRzUmQABmzpaqkpXaWYnshYM8xuQxC8Mmx6Q,55.899951791,0.01
AfVFHBNSjKoQPydAB5G3ZJrdNVashM135ZUPQfKzgt9T,AEsngH9i7a82NqEiUSJKNtGn6uTtMBC6tXRrEe9RxxkS,54.248303388,0.01
7dD876dmMHYrEt7u8ffgBPBiS966w7EHzsBn8RiK921K,HqfL949sEL9UMUrHcqSUhuv5in2dR2Aepym55sGgY2K8,53.519456197,0.01
CYSsQsbx2YVi1JKiZua1PQubt7QuAFtJ9HY7xYUKGN94,G4XEtwdaqvp97Za1DkM4hHu3hqArJu8fX2CHy91bSb4T,52.629461785,0.01
6wNSyKZ3oyBo2g1oLQiSY3zfvAABt6xjeiVptXAWnEMz,8ZGSdCUawBV1zuo7TQ9AQNKB85ZKqUAAe83d4eMrRgV3,52.533493812,0.01
8TeNJrAGruj6Fz1dvZDuXmnUZCrzjbuufHXMo45ToAhs,7EHu9HS7LMbZhTuvw6UMuHhNXKd2oU32uKTEu6yC6umz,48.071179273,0.00
FH9EgUg56hqgW9FPbD36h4pdcUZ7J1yuDERi8qQ6kc94,DuybnmhweQhMuYHsxPwYY6EcPyYm9nHi7d1i3uAfj9MJ,47.16233752,0.00
J8vUCgYY6EaGoGeELgJbaEEuA69YDQjoPyaC4PFW8gdT,9SdgiJr4uMtNC7xE8WnzfzV5d9qLend2AmY4vxYdbsFP,46.629052614,0.00
B8pqn3o4nZBvCebwY5tcjadTa5wy87kerdpEv2nWEviC,HLfKbcNqzsD5ck1H1d9edQVT4VVDALWZfYzAiy5S5yBm,45.664647515,0.00
2URyBdmYSfrp3sotS5tn58aqBbmHF7SF6khVHYncA7aS,9hBsfNJRQV7JVjamPtdk4G8YnUXrWGvVYWZZNVdaxJcQ,45.596034219,0.00
6Z7Ns9SnPfGb9KCpXzjH9V59i3PRJiTjGFTNHLe7rCTV,Eonnkpg9FHXBxjaQS3JE8qNMXobC7QGunccMMToHtghn,45.58102068,0.00
7QfNuNPuxwqs1i334M4AUmmNQbZ3eWTaqBoodRNWdMqv,7gxhpwmwWgNqPdfUuUBn5g3Ry94eJP1efPuNQM7Pmq8L,44.565641087,0.00
56AKFMjmBbBDFhzznn8caBPBjZ9SF1rPDFpJbTTPb5fT,DRRSrgef1Rc3VZG4mdGaLvMZ3GgQVLwBN43WpTbkexMi,44.03137479,0.00
8VQcm7LUxrpbb3E1YabvXeWFhkmBmND9APwvvQhAgQYf,47G1TfAs6XEDR4R2LjZZCTcxa8NeU24xegDFbYFAnSZz,43.842304624,0.00
891JeJMBbbWemBnBbddBwtxevi2NHd1ppmkSCpgcRDkG,796JuWK9PJn8DojwCpQRDer2pX5AWdYd6HFLEGh99UCv,42.322638558,0.00
J1M5g1nJYwZUPUc38mSZXsB1aKTz8GJyPHWmnEHuvtPr,AhDxWcePzucfMFnzWzeMRh7ABYCMiS1a9qunZq7kA6QE,38.137846607,0.00
52uQPJhJcCbR9MZStUdK6iMSofbyqiPaaXn5NZfwEc7p,7DWTChq1qGuQtEcUrTGVuZNicVEUkVRHnU5WZuGfLjcQ,34.747897775,0.00
EZtjnVBLs6AcVYtAonRtR7x8cmovUQa3b7tyiDqBeuss,GddqX6V6VxFSE5rtP3cUrLgsZ2LofRoMKBD2rg8P7Y7G,34.381221106,0.00
FqsQ8RXLmPuqDP1ziezjeeUNb9xmiR91aAxyCzTyMPGQ,A1i4XaX7NyWgAZkbCVacsAdSegdYuhXPPz6KDWG8bwn9,33.887952241,0.00
6GULcwM9mrhpxBtzLAFLmSQYDum2BSUw8Rorwgtz1NJK,477r97jLEiB4ZVLbeGnJaw9J5CbvsvNGmvrfQY2h2ycy,32.994034161,0.00
BtgUsoQCEmEjNA28jCtmGLykq3MdPW4RgAciiQ3gAot1,5mv24aonzbHZnWExXjFXYxTokeB3nk2HsdsMUoyCFy3Q,31.700016449,0.00
Ew4oi7cibRKbumJ48U9zhdpG8evPjgeWg4s4wZc3VUEP,53VfatYR1qr7PqDfzn7iyKwfBNPmuQsT2ikHzqAw5Soo,31.060773943,0.00
9A5t5znPG6Sm1ssxyaRSAkngdApd9TqxBPkwhFMkmn3J,Hs3DQgYiKwNgC7MBktXZbtHkfZCXYprn7ushyc6kmr61,30.976731008,0.00
DGYvuTNRqWY6Vf8uaFebzoTLNyWmbnvRhGtfAszHUgB3,CKd5rgdppLu2CHRJdh6vyXNJrmKSWYFweh3JNzFVjf5y,30.394836147,0.00
D2cRGJoMUDupUtosrGs74jrYYSF43hS7F3fTVrqEn5eB,3JF4fEEFr5FHTmSSaUSfDgcEUFECyw4NFcXD5YybtGww,29.808447549,0.00
7myou9wEVoEk5KfdaDcUQwTiYf3966wbMgQJ3LDMywCA,2w52FgdZoa7r9bo3ofgi1hyXiLNnmwKG93zYdk5krzK9,28.612685351,0.00
HeSNKvvgUviKzVfTfiuEeYMey3Xsh7kMHBiEmizN36GD,5fDbUwQE8DUMTrBPp7ZvwLA1YzaPtMwMUSMZg2frYotx,28.026239146,0.00
4mEsCYg432RFUYvAvwYedxfHhougU8kyyq6Nf51y6DsW,2GvNz6HbsidMvxNAwhi4jWPRgUVf3sbhvTBgFmhfXQXn,27.879306007,0.00
DKRTwsMQPZ79Y8AnHZEfKLDpiPVFnLQB5Zgwn8WjBN47,6PiyihergV49BtfPRJ6VuT29CgbaEchc3a15M85nzUFj,27.439518685,0.00
2nf3AyukRAsXnUZyHTtqRbB6tznPUugrzsJeSUepmP3K,DAqh5gCGPN76Z9c3N5gBdaTMxAmxBzrrN6mFoVzgcFS9,27.314255076,0.00
98svqAbmpe4t4MccFj9wVkAvqnF9Z7uRLMu5mMYKfhXg,3KtEno95ZxjbiWfNfYczo9YY4t8E57YA7z4QkRu6vh67,26.969239405,0.00
ASF4WMoBGZLZhE82MRcc7uET18oMqqdZxTjke4iApG6J,GQ5DayFo1BPKfYJzSoaTdoVFpRVZPujEfM1h3LiuiVBU,26.544420812,0.00
j34dMtsaMEJwk6P2F81KnAe4oqHzhpnTxApaTPryTuS,GasERhiym3i3FTCx5joTwnvwSKQfhMB1Ah6Xoncjf1ZU,26.412825968,0.00
5BYZh23ZjUdTgdzmLZmALRh2qYSYZkh4CwzsyeQoFMqk,AU7XF4wnZeAkCxWsB8FECuhUUUoLUSHkPWCtoCY38yHe,26.10171036,0.00
BUoj7VDjzHut8Nc3azjpKLAJ7hwXgHkP8TK5wXtgLAQd,GA1JqXgEEdPtj8nRnc78kVGjXH96LVhZgBNtU6MDExFD,25.350963508,0.00
HcDdg3svjDsgDoGJt9kB8xHjzrKukSEndHKLgJ3pz6uR,FaLbYUnAB9HYimJ3XMcweGLZrsSVPVFqXcec6qGBYn99,25.118443315,0.00
4JgmuBp5XVFktqHRaif3Gx5uqf8JynMdwiEV8N9opDUa,93WRDe96FSKV1ekaKmACeU6t1p8L1EkCwXkddNEd3sZt,24.487428539,0.00
Fe4fyx9TdiQdEZhNV26v3cE2hMtP1CjvrdnTmifuxQ6Q,kzUbKvReQt8cUg461ie374f8QBwiGr3pHV6rdF5SZq4,24.442984498,0.00
8jYGUhP3fxhptFCRhXrgYQWEGv6dmMve5ATWy3Jve8TW,CH9gs3Mo1cpLPbvScPqfuYV2TxhoncgezppjWjXCMHwx,24.400124471,0.00
CDSBLfxNTGxVrvypYMn5JZ9oGyPwPfeSCYqa2YZzHSeN,4TqSzxMipWYZXamipgdZtgGcDmWRYim8cP89pbLKDxUB,24.21463241,0.00
Dia6tPTDKpoGhdXUdVcTwf9SCNkGc7MnuDNfShPaq7Da,HrXK89pTsAy87GaC9aU7DgqrptCujnL4S8uuYL8vzhZp,24.204224014,0.00
9FyKJr6xsgwWb48tTu9eB2yf1p1QbBqW7FrSbaGEtgzL,3atxajKE3F7k2jYjYFm7LvYvJQEEZayEbtaXP4p7i4s8,23.763878351,0.00
ARGN3WWDE7r1xuYeTWw3TrWd8FhroAWQGxarDVY2u3JG,F2ipBudXhhUKpd9Na7KsGdz9GaBzVhv3A1v8vnkxGEwU,22.773058201,0.00
CvhijWCteV4Np4dfLmV258rNVw3XGdwAZNfCK3fqwR1M,2pGgxVBRQHipFXkLc7jVCLA9ZhYTT1dfwrjATdWtbgtp,22.737122878,0.00
5iVdFbWt2qzfpABD2rR2yeXaDxtxQAyewHhSFj5Dytpx,CX5UKFMVBxvmbAJQW7w4mY4ij9HBjHdBzNceXW4rf1v4,22.430735231,0.00
6j27PBGtPcX3s99yzpSCtzxr7k9Lv4mfK3JDMxHgx8Mp,6EfGN4ymJLez4GdDfjZYsJy5f1c9QXRTpo796xYxQt7U,22.33777112,0.00
EZiCVKMXCGwoWmpwyKrinB7yLAbwiXWaHDEYjpmAnPEr,4GxqczSA7Re7hpXDFuXdTwDA83rJJheyLrxYoW41FHvn,22.273242591,0.00
4pqMLapwRs8UKT4QQnvusQaUbojEDsCT3Sy2xEf98naK,GuofjUV2wZaYqkszHXfHxRi5fbEZ9KtWHkXR1brpQhuN,21.93597827,0.00
5ZvS8tDx5sCnx8TcWfAbQd9j6DF5uQGoADerhr1Go78o,BcMEKj7ZqqqeSuk4VjndKqpbn3f83trL9SRdgy3VFxri,21.150853318,0.00
8xzYm7nducL3AAHmdiDZJ4UsUBp3fCYaQd7FuACHJjVP,9z93Kxxif8ymz6agLvm6uHRRA5a8QbZG2ERgrLCegNF3,20.811643438,0.00
Hqs8ztcbh6zbEVWcQAPipkhaZueHLLN1sXVKq88u3xTr,7P1YL6T13VQTUBaJ2kmC9VZSqsyBUgDqFUnG29Kf5mMW,20.80424886,0.00
F1iRGYVtQMPii4jtE1QxZ7hwYLKnST9FQUErpnfNgN5R,9c5JwYJeXzt3a7GX1yLRDFrvANCxFUeoRgZeTgQPZDtr,20.573553676,0.00
AwQ7YpTtt7USeSCphffAiZrceAdyPG6PMU35cSiQC9xf,2X5uTwpuAa9VjehkwfFwrJwTZ8KX7FmSyvrqHghfmdwo,20.567331968,0.00
9b7CPGbznnQZgfswZQsXV4Z6fxvqjnutgH3SVN67XwEM,4GtZaGHsng7pvo9PSTkKKzA5mCfeeAqsue7rsnW3b7K9,20.336656287,0.00
Daj4gvFS1QpEno6YK9RkrGckmdQuZZsrH6M7ksAy4usc,7NUm4AcgJHU2JWvy2s8xrSwaf3pQWCCRyYJNgEQBH2t6,20.137019871,0.00
FXTFbKeBSjEkGLVpgfRvwgXCat9weAd53NTQVNZmjz2k,Ff8LZPY4FK6HdsWdf6ZRUgq6KLAnzmXCUkhfpLvD6H3c,20.076872903,0.00
7r6RRBAovVNDW86pT4stuwpYVaPPuQcGaaiAELcLhUF6,9PkeUxSJK88KrWiqJtR2DwoPdKDzRzv5ctFsHbMPkQdL,20.075843813,0.00
xukADzDrUZYWUrzXhzq5FoPWH9jgLbW26cLKDFZMy5A,E7kzFgJQCVwpUvAnQvaZWMzftrHipAjLFRdynTtkqAyQ,19.558189614,0.00
A5gupSJMu9ZuPargWQ12Dowj6x4cpHToD9cPWmHkuRfY,9KtL2UGDiduitcuwfXpFWiigdiMUuAhcpJYGAHpnKbpp,19.525666026,0.00
Bdqvu7zU46Vz3REPXc4tuMnshv9yUviQ5fUz2AyTQrE3,GruvC7CuvXHumDBA5vVwXPKWeMW9QM8FnVn6mg9ZPEz8,19.496131301,0.00
HG3i68Nomx3KepkU9i2s7DD68SZPdj61iiiMWtdN9wM5,3ch6amoJLK3bLHY4pFgfWSSKzx4S6PzbPwuoZiMnDTyZ,19.301808065,0.00
6WkNE8SLY9AbGWT59mXaRQXfh6ugj37APArNUf5FK8Wn,JC5j82dk9Ji5bQpB3rK2CLmGip7CCC1eYkNSUXfjyCue,19.286840098,0.00
4NsDRfbJbsQUDN1xP2bU9MbQWos1pMxDzRzu5uWSU8ed,7ppssfewsLq2ykByHWhUzUG7Pa1Fatz3hAjsPxcdo4rX,19.133638249,0.00
DQFZL6zW4Fq7WLXuLaS2grwCSsz6vorsZ35KPs7aLgXY,BJoXncfCC2hzPimpptM4CNdadDJN5qsHGEEW4Ro64wTP,19.038584238,0.00
GVdhhENJH6UKFzTYkZjXfiHv3fSVdzmFovTLn1ksJ71p,HKGAX82k1mmcR6bHDVhw2Qj2XnQ9bqB8Rdz8dxyGYXyX,18.949619872,0.00
GkuVseRvnhzhigd7mcfRdiQA5EUfRSredZJ6Z5X4eKMt,9euBjkLyszrynAr6ZSCXPQULhtSKRPJimQbx2Q1smFcW,18.899165874,0.00
6BEoWqqNyvuDtibDStMWnyVw1V1y96WgABA3ZmrQhpBB,6xMaEijU78q4D7hjWHiz3hvjD5qbCYUnYnLH5Z6vwPXk,18.868707789,0.00
HNyYnEEeuXfbvDUkgjxukB9pguHmnnLgPKRmz1YXHafP,75FcHbd8Hdc5g8Vzh2WCKZSK58Wz2vY2rkHR1McVqrzF,18.853566476,0.00
BhMqx1ZKhfreE5BwcvzLNKcyVE7mDrC3BnrDKdwPmiY3,4iUKAH7v6Phbu69khk59wSNJE9PA66AG2ZYATCh7c6CK,18.85160664,0.00
3Z6j2KL4keL23xZcMDxtJ2zv1sLHi7oGir92pZpzdJ4c,J3QwyHs8Whos3Y9ASExr5NbmD1z73jJR6rJVsgbCJRAP,18.491782819,0.00
CxgS6dJVdJcXNQb5cuAMxezHYcoWrcBpkFBuPrsYf7xv,CNa3xVKjkDgtNJARkhyWr1F6vHnRWHdRdZjcCdUdbqfR,18.475725287,0.00
BrfXjRAVJfqHSJ6HrDUnzXyesD3GgRGePCEcGUyjmUnL,Gc9dfVYcgrEQbi2KqRyR4tnyJz95XV4L7ZWfPkbCPtZq,18.332962944,0.00
22RYdyidgKKrQFtiA6uxSkbV5Vd5TkQq8RSgVCxMoqrh,8kbF4LW78Z8bjfEN2xfNjmPPbJrEgdPqxLcmHJey5UfV,18.039230053,0.00
6apJHrtPVSZqSr9G7hgA8hX6aWPRxmTPnGAjpQp3HDLZ,Ghg3J8VzdTzHQWkdMe9hv5Jb2LtRqFcx7CbH9QEFLPR9,17.770481922,0.00
FMhNuH33qBmFoW4tKYaSE8SW762wSN6b4AcE7iXQsJ1j,2nmFF3GbzYQEG82ssRX1n9KvqMTDTy9kSpSXfVtzCKkN,17.716958013,0.00
FKYoJbR9nqspRqCTSXYCWreasPhpYfEmAPTuDDZ8yjxb,GoSELb3YRPRN3joDwtw4RSxqX2gbbNEgADNSX7NeEota,17.646469537,0.00
69PcWQejdpo7tmEyM8RofEmqnYMQca3FeGNKoV4y8mxn,Hv4dKMxzu3GKRoVj4kDMuB32B3QSL7qmGzF2HV4Lt3r6,17.38567309,0.00
244cMF1jPcehkMLd1qxYKsotJQm4Tob9noptjU4tqXEn,EZgWe1YAGrCWfEsTXTUtBVVCekmZtFPaLuLxqTrE8i8H,17.322626261,0.00
wuL77pKofiSZmddZwoskCfhaift5wdaQqRyhzzwGFz1,763UQvHC6ZimMw8K2WDTJDck71NrUW8MmZZs3uCASNtt,17.019881051,0.00
8fuuurVjURdpiQfbVRjRsQ5pBxuFkkmpbAvxgemNpZXH,5AGMgPdcPMAmEnv4kE4kvZ1LepZkEYs5dK2z9LfFhuFi,16.874670369,0.00
6b9YA6Gu89J15QdqAbv2eEs7NSYQtqUAWzpCtrqZh67K,DbfTFANNM2twc1r3bAaSJYH4azbcUtZU99NYtLmUepWF,16.737294626,0.00
B52kJApZrGmFGDtswYbmq3bHJ6THc4Tek6N7CZUV7tHM,bgiVK5vi8SBcCCRftau7r3RXxsaG8YQVyxiyQn3ScnD,16.238888931,0.00
8RT9VFhQ2DniQSmstuazDpaqtQFGv2VMpiXH2kDc5KcC,98muzNH2cjjgoPVR87WcniAGdJVtWTY6J6TzgsUaCHq,15.728050411,0.00
BFNbXJfpaMaUpKpTiavRvK4cURLbDE3pDFgjyKC4v7Fb,CPxHaPpny8cBjQG7jtE36M9N9YkLPg2pDapNmhbsXF3N,15.691728106,0.00
dmoDNX4Qkq8DvHKReegXNefRrY82bVqFarUG5pudW34,6ToBKuzXug8hwHLqG9Mxt2UDyN2r9SCiniu3uceoxE3r,15.550207156,0.00
2uTExBTJwuHmyyuSewANcMx7EQ577EjYRrRjJHfzNgde,8CMzgEQKHoFEFCqDhWiSaq9dQprGAs4sbSBMgDxJmYVd,14.8925202,0.00
DYPe9NwBNMDfF1TDp2UKG57j4KycU1xYqfmefdS8DQVh,FXKEZMumcghoUS5phCuZ8mXKzH8FuhfHQe2GvzN6TNzp,14.691480186,0.00
HeM23XsqNEk9JAw2nnWvx65UjzGfR2GNH2tRcEMvjXpY,CnTbfWm3ekgWqik5WLnR2VNBuUbCJCNqnn5uCeNYnVW1,14.551961137,0.00
CbxcY7EZDjLP48drNgVGnp2SYLENfLgGWpenrXTnvtN9,4oZyXRn5roHZVPsUtQKCWm2VsV3rhhAxAMsFF7zBdKhi,14.072785877,0.00
J99xJeCiaq5h1qe2iEUmPnh5z2XTtZKQ5xGeLb3Lns6i,EATXd8wGfJ2RouNyYjqq5ZRY7GpWs8qoiGeGfhUZ7864,13.826142273,0.00
FV5W7wict6MKnrUVQwuyoi1RXZy8YYC2NicjoYnsu3xT,CyVDYsbrTuqFKxs22Jfmh13P1zFxGKc9R3SgCZpqZH7Y,12.803806741,0.00
Ex8PVNm1sMqhNKAP3i38axiLsEwWVwHA5i3RCDrWSzQ6,3y2RZT5MpQ8Z1xAiDEbY4d1NchPJ1HDNgEid2TXEq1iu,12.696278489,0.00
HMFCDpPCAXfDY878LcnUAHgqD4kBJ4e4N58NoYY7eA5z,DsQgqFNVshSkzVCLojbeRpj6QRJH3HL2fvnBwYNa5PCe,12.483710903,0.00
9e9qB68kbimhFe95Gmn3MZnMPKAsbWh3yrEBxKrEeyCt,wPRMqona6w82mhUMoUWMmjHMPpZED53paAmDAtRTzvE,12.418785098,0.00
3gfWRYTD2EsfjLoVmrjScFAxcyRDV2JrzeweocZtqomT,GBkYXeR2StZGvzMpUxxs9qgx7XL22qU3dxFeceoHhRKH,12.317919803,0.00
4udcFroJALYZDeoMR7Di9fcQs6V6b4GnRZ4V9WpXRGU8,EdZMrGCf4kUUstocrffghFiVhsvy2X6TeWLzV6r4ixFX,11.982653975,0.00
FMdEu49xbiodkESsTWCasUPG7ezHU9LhHQKso9GDMXnq,GmjSdFW2iSWaEi5WYoLZWASdeoa7m9MSVGYygkZGz3C8,11.982495267,0.00
F97maupyExebe5Z2ZLHUFJQ1CdhHFyhQNau9RyryZcb4,AYX1gocq8Gu4Ya7siCcQ7XtEVezbL5sTEic1Ci4cYjfD,11.981907981,0.00
64aJ93Jvqo1K6sf3zm8pLHaro6itpdm2gVXhpp4Q43k,E56EyStu7usFWCdz2GbKGQEdyfguXi2jsnYcyVLHDEhh,11.217694669,0.00
6wePVoxwszgHF6k6z3gbZpEWndhV4Xyh6KwjKbe4RE2r,5MTERDNh1Gj2PojLYN3CACa7ivn4KroRbCt88899F6Qa,10.938881445,0.00
83rycFAfmn4NqbzCgdgtbxj7yGiSK4b58SDBUAuYZXQu,2zfH9VHfhdDmcSoxwdTWR7Cwnq6QY9KqEyZDKXUeV5Zo,10.862578225,0.00
FrK5Am3ii2sgq6AKhPMvnDyq6XooZDA4sARHfJqDKZgK,86q6hJHF56TCeRXg5ioCvinKfrdT1ETY8CxJapQxz5nG,10.767256526,0.00
BCkTNGLe1TXxnPnjJpWdmFH2Dc5co8t61Fw3DgxCfDus,2NWpoJidqq7ZFK1PZvwxVfPn8DLZndnKExTt6ZqjCFE5,10.510237937,0.00
DMAB8ZMJUaiYQpvXhGQKtBMSMue5zmrfToMpxahMHkLz,FMooZGhrfio4PeDni4oarNE75e3WsABsBVf9zLqNbvQZ,10.346496508,0.00
HJ7JkjaxWXszwHYu5mdK7k395wMpdCWkLN58jcwnUKQR,7Yu4ykCjaY33w6B9Hg3M2gwGQn65LifKniswhp7JEkPT,10.213856162,0.00
7zQVMEjnC3LabCzfuAFBpHfs4FUfrzceMuYmq9sGTvYN,E73KuiPZ1ufEbswc3oFWNwfpLDAE1uPsbMB1nWor9eCh,10.039149207,0.00
FV9Sx4MU6Ljw1nbbcko6y6AN3eDHPd7UCMLXzu7z8Sc8,9SSngmMy3GK9oar1B1t6prLSVmq9xnFsxa4QJXasH67b,9.962030217,0.00
8bAsN8vJCKuM8YAxpoP9TzTRnfRpRsquAf6bWsiYqpTF,7PmTLGgW7BRFNyRBUXgsZiqCjjxxDG9DmrxWhcQc4fBU,9.957216458,0.00
EAyPftBLdAXJg74eGMS1tAs4hVVdRAE97rdhKb4WsMNw,B8Ec4PjK8Zt1kPU2dU8DAamvBrHwykRdnFof8bvYBuTg,9.692922496,0.00
CkAgeEXP3Rs5pqLYHMeD4iapEcs8bxZGHqXPyGNs8CMa,6bBbooNMQiXpysF51n8XfoDnpvmU2tSQo4die8WWutgk,9.465041758,0.00
Frt6CUYXqhjFRSU2DrDmd8YRbwSuqQyrPqfH7uonCvXD,CPSmYarEGWae4ZXUVNBUQtSnr4oLvdYDRLMVkHbRd2rS,9.459854167,0.00
4cciUfDxjp64nVNoLLafpFTU2m6EnDrV4aWPjv9Fg54g,6SmYUZFAwyuNEw1ZmBH38cijK861MWJPWAyL9ZGakFK4,9.337770242,0.00
E8XGdRkXRAzZcVmr1Z85mB2TyTPYekhgGZrq5He6tPFX,GhCw69hYhGHRywm87pbS81KVv771WF81stW8q8XC657M,9.277613605,0.00
GBYVBPbEyoR9VdjRc2YHmC2fxepiHJn6dR5ZgPVBPKQi,FQbeuLN4o5X1QQVfwtpJeZa3rP2SWNCHZbBi7ZhVm4AH,9.137596194,0.00
DvgW4yZ4AQT7vfMqRQYGAjffXqHAXTkEzx2UudvyP1HQ,3rJd4SfRmhcqMQLaXtmLEZZCvksJawY8WRVbUr5nXuNc,9.044089042,0.00
E4gTJp14EfGURUHorMdmMQ4YYasFcAPTu4C2b6Uw2RPw,8fBQ3JnmGzCqzd7LjvBjMtn4pgPN1arEUBTtLHzC48Qm,9.024530807,0.00
8kaXVR2yRLw5FoioYGXYNihkEQRrWxWsM6ffr6RWPiHF,BEnVjK4hs17uRvd7M7Wv4upHp87chhjqTKz9uk5m8Dyv,9.008464884,0.00
EPYYgUyijGRQx49YpmUygBtBJvq9TkdCbTmmk3mLDzdf,HammF5SVLsQ1PN8voLe8jrSBNf9BVLLNjowpLkk2rPfC,8.895724574,0.00
DbHbCLxdWGWoGLNgT7srBXzYCd4XEL9pqgQ4oCBcbeYG,EheCc6Vw4qKVF7EwCgq3sTvngdZt1aBaq8hwQ924YqYB,8.769369016,0.00
8HxnxT4zMC5eoA78gsFacwxJ63Nk5FeTxNMknCXB7kP4,FdeybM6JRekh7itakVPbgWY2aDeEdGDSZLfqo8xJWEPG,8.43730495,0.00
8BihETQdk4AbS7uzEjLJbgiKGMdc9vReDTr9Wf2CmrbK,7DDGgFMPk7fG9kq3JPb49XyMdGzCxquGiNyXZC55GTiw,8.230396945,0.00
9eUR7kwQBFLg6jZG41ujT46E86H8qMfnDrLewFu8yqYX,9dDF16pSx24hu8fFpn4oCkqe9ErSWWPFP2wuXpPTC93F,8.202478376,0.00
9WSdC1anEXC81vFCACPuCbMbPaKAD4JsgDEtEgyc766L,BcpEKnN3nCxHtJQUMiKsKn54xGVpnHs6bvFSeYiUsET4,8.196657153,0.00
GXYEYorn5N5aG6NvNCBwribCP6sQXVV8xmPEamjQGuR4,CrqCT8tR9eUYrZVq3K5SKGxYF3FJ1BqRQ8nbZZoEXJLr,8.176193286,0.00
GTeADE291ZErtCHaNRTrhWyr35pT5AGasRBuQvRWX69R,3pdCRqEQfBQ9UCtQkxz7KnaEc88FPBDmby19RsUTd8rd,8.135610943,0.00
FP8XpL4WjSA296jWHrYf5hAxbRe4RqgJpDSQb8JqQXek,5HqMaq4kUYGYN5wzyCopzqPJpHj2roR2nZZNGntp2uUh,7.985183821,0.00
AFf5oFSuwNMk37ASoW8guX8E9f9Ph1d1iEZQrzGzka7N,GeQedjDcPyQEvpXCB7GeDM1M5fW13oSYq56gGWy1rkB8,7.859206755,0.00
3JUdfsuQwSP8gTqiXQQEMh1WJPpxbCYXXjiwK4bTap7T,F6diASQcmAuYjvtz5KafzGVet4p4rqSv2MZyRZJVmBdd,7.560006605,0.00
J5KVXuRd11eTY3QByQNZ8vE5fTBgMJJJdmAN5pfP7afq,3GwkcWwDySsLRDT1dbRjBZ8hqev8SVZY1kY89U2GNRoc,7.559912015,0.00
ChLALNyrNJaZcC6wkmS2ySHg6RJE7rg291n4fPXCr8qK,FTN8vEPzdCx9r59Zz17Swm3AwLR1rKuyDSGkbCJS3KD,7.55934139,0.00
8yu5TZJCEf9ZaW1PkRXD7N7AupN4jPcBteTqVDCVn24U,DtoYxqkEjyoRcRkkXSBX5kCsaHGBEQd7RjkCtMMPEHA8,7.472580343,0.00
Edz97FxovQaBxSsWcC8fSuCQm6NbBA8NrTJqnr6FesBr,GhuxUkov7pY8vkZsYTWSxZU5MgVntX7cCHb6mThcjS7e,7.416849757,0.00
GjsTfQhgYcScwtCYTgkn2H3RWZK5uuhyGJDoPGZWLVEV,CeoRifDM3wgWRCgsa6VMSRUpsXQ3x6vGyAdvsy21wPjN,7.319880525,0.00
DZv4SkHke1rB65vCTnDkWUsdbodbuh2rbXrs8EGgvQ8u,4PnB5nXh344hYZt69BAWR5bDSXvgof2nPfFBrg1fvfNX,7.280140712,0.00
6a3G3HLv59tm4zQdejyBRBXU9XiumzpYsUmcuRsX2mZt,C8VvPJvMBnd1BFw6EJfunGxDTagRrhbJh2Nu68hQ8UH7,6.97265412,0.00
ActcV2PbX7HSuXAJNRVvmASjQ1rp5pPKkydPD3ynmswq,7qt5J2SQvcGKazZfRjLPW2QJ1w99V825j2NRsmVEUBWG,6.771787961,0.00
4EppC9Bn5KuVtwVoNRmkz9qfKDnmvE8uADYKkP6UrpbN,4EERhSuC35r8Mnfeo31idBfh55o9Mh73QB5sBf8bpzuZ,6.71924165,0.00
DZPkYMthAnPsJ5M6xQ9DtpoT84enh2j2zKjoYXVjb2CA,Hirhq1geEZu3g47dvLPCSmCpefrdoKaqs38pywe2aSun,6.614793217,0.00
8mGxKer13m56bt5dDCPA2aikhidShFmtnBWH8wvrAKT3,37eSGicRgpA4pvN1wLNbMVLMEHA8miokhzq9G1FSBM3j,6.614608495,0.00
5kZ6mWEa4rTKJfJHBnCGJofchBEcUh7TJUKp6h9enuZe,6Ro1rewDX73wNN5KNrag91UyFsaWSK3PbBs3eMqjnNYF,6.614559661,0.00
AUayYsxM7mupJRH22a9SR4tT4ETRFYgZHGjSmC2X84yw,6UfvGZNuDhpfhjMSMaHcDNdt2NCySgFrgYHTieFeAf4U,6.471169173,0.00
8icADVWShce5wxGxWqzcPTmRFWDbbBCK5qwuFYMoEJ7v,B1ia6GgqVo37LLrtGrB4ZKWKgAmZGw11o19tCt1rf1HT,6.46758361,0.00
FKQeJRGPZmGz477k8DtdvQrpZectAjXnWdw5WQNbN5hH,7g8NVDHNS13pqB9wYpsf7DNXJvobb8y2ofVCGAnnpjgh,6.315823698,0.00
BeK18m7XVp82L4KKRZckqizAGndPgtCrMx8TAsBHZQQJ,DD1wWtQGWEFkHvS5AwwUyGV9BZtpxsSa8qsovz6ZbDx,6.086587136,0.00
AJ4R6zStahgAVAQkPXTq6XPrQfXxyUUk4Chxud8knzSF,6DUbd9RRTskgjK58X2kCUSrwGS6zNNmBLDQn3tieXQYp,5.990223006,0.00
HaevA6z1rgCVAPeKsimV9o5gHPrsjpndJGkv6tPFHe2T,DsYsQ4sRViQr54v8QwVu8sBjJXCpKm1vjYWUhYjyDdxr,5.82233458,0.00
Gt9Xrvmgjmo9k6G558XcseThr8Dg2Y7PZCvPEoAjaYYe,CFADSqopsZfP2yFCeyiuqFKkwFiYhsYdLWtoM65v9Qjz,5.813684247,0.00
EjRR89XpiH9sUR1Y1w924b7MuC6zEeZsEtUpwJ1rK24r,75rjPJCZ2We9C56WeBHELCCLvpNY1gL4ArYthe5TXVFt,5.742699657,0.00
A6rmwYvj7JCf6BePWLRwYjai7A9AzT2GrzDjd1Fckru1,F3Wb62jMKNCJ2ivaA7ZzwfsruUTPs8q7ST9aq4NzvvKA,5.677048752,0.00
33rXg6KtdKCiCksLuuvd5eoGTK7kNtqqj9VgFVVGvpx3,GAFnPWSFF8CLqRo1mW2SckkWEyQiaCUBCYbFiji6Z9ru,5.581839808,0.00
6YQHgaQg4FxNBE3BFVaQ8G1nW5AtynadDUfpM4GcfjXd,C6jbsWseARVJrvpwK5s7B1eFaCRbvKAVUutR6n7DGjS8,5.581399253,0.00
FhF7MVNHLKq4Ht4VVY3ryUjJNkiTGkYsV7hAUiu3qwj7,5B7gPxZwy2Ce8cqiXNqyyL3Kzum7qF1raaP1VcbLmELR,5.522004094,0.00
4FKGZRo6bexKL1aTsnjhvma7AFfAzXubwQDC4CnmaitD,3EpKoYTdJQf1D3Tz8jpPWDrcbGea8dnHLSUA9sddmpWP,5.431899032,0.00
JAYjt2GT6htDAdfxtgY2KxEmjQrzZ81BbZ1QyLLM7hCk,AkArHfuLYr97SoYvYvA2WnByLapJzP6utCY6ookm7hY6,5.352598695,0.00
BiH3wvETT6Rt7Q7tV5TJwTFfbb5f6nkoz4zVWDovfnwz,BsCMGkvneLPgKQSoG4PUQwFygA5WqCQ7xD8NJTQeYhwH,5.25457354,0.00
EQhLsseK2jZTTgJTkzgctMoFVEy2oradtmJR52h92Tgd,2nsUdY7iF4s67enpFxeDGpXUDtRARN6reVRxqJa5Ynyo,4.990167616,0.00
4KwZ9mKa6v3hday2cLv9tr4581LZR7tYUXaJhRrhEMEj,HZmSrxh4rhwKiTbvfHGyKEycQ87jsd8cSAD5hsbx2wgi,4.97598993,0.00
HXDRpUXtMrf5R5rTmZHGpze2Lo2w6NTVsAULhWF3WJ4b,7q3rHZ4uMJ5AXeYQW9zmpYag9fVBzNN1HMeJp7MLLqok,4.892903735,0.00
CUAMp2TGsVn8CBMK37iHVJrbTDm27fc8GwyRLosxHBJM,FR6jqTaSxgRRg3TrukdMwK5qb2C5qmcXqYPvDqGutKNm,4.837412473,0.00
7xGZM9BwTtpdmJCz1UxvkPPZvQ8RHTTAzXKq1sMeoHVR,3RiaACiMjWXXsdWHjjqHXsKdU9KAiLrwi2LVd5abaEat,4.725094166,0.00
EuAtaoQNWXmpwYbh9DvCMpfEhLxkjb4f7qnuVDmpMxVc,Z3xscJRdG9V48jzQorZEC77HbbwP45ZN6L2sbRENEmk,4.622814268,0.00
4D9pagAmRDkKMtXKSk9XrqC4JWBfEjjNsNTT7A4ufdBA,EU7F9EpUxLaCEy6qFoVbwcEFVSoy3MzfyXfyeViErMM2,4.589385063,0.00
FeVH5KC8gAHzmL3havbfrCjKx2NcH8cvJVRGQSA1Tp2W,CM9bGoRndYkRcufgx2YCk6MK8Mde3oGZAqPNaBeVstyZ,4.551111428,0.00
9YDQJL2bRBPaS3sKSPoicfd8TgoVDBkng3g5TZsrBsWT,9VSqTFYhVRvWD56ja4EkHZ1b4hCDqFc4MQb6xn8eyVMj,4.481937476,0.00
DUkiFft948uG6bhMaa1tGpYBg8Z6jN1Num81PbnyMtbC,6HpiZ3x3maq1a6kqbwYLHasbRHXjtWvRdwLc7NVcyZxa,4.409346032,0.00
8Qjy8APhVLrTGENcQSofQCq74hXx4XB8ZqQjPrSxv8Vx,B47JNSbKL6qH7mgpDZcd22VhEvR6bbhVrD5skMEiNxop,4.375296204,0.00
FcdV8Vmg4LRTZ9DbHcYCtghcqWQQ8TcoPGLKdQowwgsT,9DEp9Xwg89wQZFFpCUGE1YoRQxa5cVaJC9wzgBaPwKBZ,4.254568969,0.00
EDAt8ef4BcLRnwdetdiRMC95bh6VfHbxKkQ7AU6CesAi,hdCbvhTJjuPXJRwP6WaPYTd7FTsg66rsT47EbWWAs2a,4.188101275,0.00
BS9EHpsx34FD9Sm6qnMydC6X3PSXU9JSSQ4Mefj55845,6VPuXLqZXpUJhLXebQwMkAnkqebeZKrpVC6gZ2Duy6dT,4.167766553,0.00
FftzfLYfhogUmMhj146xiPgpzQV9WxT9S2FTZoZCT1SJ,2eY7dXWEf86vpiAZSMXhe9FTqxHAF6P6kbbTcKyYWQKP,4.154043081,0.00
HzQVZwHAi57L6fKK3xSzPX7ZFUFtHV1xA8WSk7t7szo8,Fm79UtNmfBuL4wwdmUGNNQLsDQGcRk4E5n8fTRPSoQ7v,4.111699036,0.00
2oKoraxaUugHJ9qVnM5F8rf2AR5UW6QpSLZdqvjsfukb,CNM7nB9GQWJhEA9Pr7f3Z4CjPjtaZ4N8YQ6QqTTArTVo,3.983008901,0.00
5Wm26M46ZcG4PtvPzueRukwbwC8y8mHDeXZvmTSEJEFA,AYpREqyFSx2QEA9jJhCRU1tg7m4mbi5VTx7JDDvvMwah,3.980450597,0.00
FfuTGnek9vcpWnwu8aYdfEJa1d3oin4pfWrBrwipGUwa,4SBZ1BRyLVSUQAXsHaZddthKscJwjZDHu5u2e3qv3dMb,3.953337576,0.00
Ejz8YGQpuVCncg3MJ2fKGeafHjieqVnPNksMn3HxGtyP,BFX1SMRVEnsuMAABMWqoVyCsJeRhE47kdEjRgUAgPwhJ,3.924627987,0.00
4eD7XzvqnCHiB64RhRoqTCsYYaNZ6czkV1AVxew1NoL9,Hc7ZNmpQjBjNpXni3DmM2tryky4AwXrb96EUUtuyWiUr,3.778930625,0.00
2RM5HoL4n7uRHjwj7fEL62oiht5nmno1Xb2WRpJm6Nek,8LnZZHtYR8yiUES28SHxUhovdfyip8KiBxt6cir3WGno,3.778911781,0.00
7BFtRASV3o6wt6R9Z4KhHvdnk1FRd9JQarJzwRiZ9CJy,HVmEdr6H2aAkfpnfgLbARCaB9X4e18aYhFFcd7WAaYzE,3.717933128,0.00
9VKFg6TuXZrFnaMohHbr4JxCf4mJN7KKE6JakRRM337F,6ZCKwqbVk6f6QBZyBGnemwoGGCNLjGh61rkwotFrQ3LH,3.644341772,0.00
4ioziZrbW1cE9a2X9oivdTjsNmWBdzJ8HXkdefM6kTKX,FZvoZRUoKas6ZMJaGwwuaBz6YNvssMb6DpTMerErHiKK,3.575862799,0.00
4ja2N12Zczh9K25zGFTfao6yPdTZSfA5Bw4QueSmQCYJ,76j8YzYT6EvnGCzq31C574NUVqmbZQFSUpmSAzLWQd76,3.416819202,0.00
CMtRM2s8FqsUGrdx5LZgp3Aq6avSiiCjn5ipjaYBCpSB,8RvJm59cGHuJQizJVgWASwrLLGmaBonmrqJ2hYf7VFoL,3.330472384,0.00
9wEuX4uvr2iZEarVamEFLcWdSi9NVjVaXcgeEm7ny23n,7Sx66bpdrqDNsCWPmE1CiqG64fTroPJDqgeTbAtbbEVk,3.230671166,0.00
t4DqjuPLiSxbjewQSz9hztsXX7AqLPMkQo2EFxiCBCX,E2Ruh5jNCTFjjn5mwmPhbNvNtdRoiV7QyMyRSUGmb9kc,2.949280543,0.00
8rK1LMiEHBHY7VTTCzNrdDb6sfaSV4vDJvuAuMVgHq7d,BqdLDejCmZYBJczCHxAjCbJffrQ7DQ2BYWMwuV5Zk9TK,2.867574308,0.00
F5ckBVQPWC6xJ8a52MmcLVgi43gg4sfXyJenMeYTas2J,FHVt2uRwqRg9EJYckPwWrRo3K8kjE75RqAqvzTbVG4Tq,2.834631931,0.00
JCpbhYEi1BDeg1zU5SnqqDySrUDXidWG68dPxEDnmvhE,FrZ268Cj7E7DgyPAazeeyae3MPWV9mWG9MSdSF2xDZBM,2.760393528,0.00
AGTvbdCaxrvb29S9cN1MEdzToxMPTnPf1dBPJJeH3BM3,6sWWFaDV9RdATTzKRVVxjnFgEPe7R2YacTQ3m4HJjFhJ,2.713103958,0.00
4bnHYvj5AvwMuiauiY1QwgujpcySxuUzvMXxt1Ep8vnV,DQen7ZaRnorsknrnFX5KjB3PNt73GPx2KFZgBz5HvHGv,2.67660176,0.00
HXwK7FUSLNgiA8pBJ2B8UNP3giv7VAKC6jMb9ja5spLD,GhtwbT24y6mdmdzwRpvrPfR2if3aztgTuSEA8uoPpw8J,2.643961516,0.00
FhRMTZHmM4roa52FmiC1ZiUC1d8MTDXPaGoSiTruuE5i,EzHMkLtoPz2ZgDetyqMDVxfgVXKk4UVGNvohG21XEZjT,2.639388395,0.00
HD5vdckEABRE5DawocNu3J2zATxhy6iVjQMDaMvxMb3S,J7YXjSStcmnNDhYvDwRtssDNHiN4KsWWmFRrn2qmp2cc,2.55915468,0.00
6yNfX9usGobtmXwDBpKmekzATpdKTgqzGTqd9TgvTkBj,J3V6eXNCJfsUwQ2cESkbaBUiFAATrAqgju2KyEuTzSK9,2.5171162,0.00
DB4FNhsZSKPeeov3hDf3ftiYCwySeQYQo8G1HBC8YiY7,H6AohxNZA1zWiKT87aCX5pgyj4hXu6AtYTTdY64Poxpk,2.407186871,0.00
CECpfDefBt5zoMZE9UccJspSJ7LsBzVyF7h6wrs6uHfp,5r1B5TkXcTaoAbkaJomhGmNgxKaGKB7iFtcWcWRpZXZY,2.304382408,0.00
NaZJGUep5cJm1zrN5FsmgsiuyzHfMXN8VQHzC4fRic7,CrFcv1HSuwZ2D1SyF5qnu5ZJACYyz1K1bxXZaVuzBqqL,2.222478865,0.00
AwsAg9JVTr9c9ujQSBYpZ7mJ8hzMe4mxhJjpGxn7oZ2e,134SDo9fPr6VxSzEKpaMzKQgY4MpmNwjByk1pymgcMrK,2.136958659,0.00
GrZ2kCA57Vuiha6KyKncstGJQfvhA6zuQUofWhmXfGwS,49ddn5YjGcsQgDRBekikkmG8UnWL5p5SVRmixfx4tG4g,2.116116568,0.00
SCFxScY2k11EKoeboAjaTpV6dPM7o841qRrFD1xA8wm,AWbN67rw3DhfRrngiLJYcBL7HuoxqiuiSsTCTU4ib3MZ,2.111162928,0.00
AbFtsanPdZiPCdMc2i2BRmXrjxmgbErCLiiGYnmX9veV,An3hChb1814dqJWRAzTyT2wqaXqjb7QYRk2RNyLBp1VU,2.100376976,0.00
HfvEyedUbwXWzua6Yo4Mxm9mRQnuJhw4W6c5Zq2eYsnX,7cM9TyzsKieXjvvFZT93rxVqSVS11CY5ckFpw9Weoor8,2.062152397,0.00
5M2wzMW4NJxTaJgxZJj5ztqqHPt73MC3dbMV4WmJtQVm,CuFGXRMf1UmHP5jxyJULQPhG4dvsi12dWkxE47KKu7Hy,1.990210635,0.00
3bTGLh556rSDeF8yvJHtqHiPEKE4hXJRYF9oUNVKGkre,9ApBWKVxQRB6G6MQncrBTSKZk2hFwX25m7NEQc7NRXbN,1.898602796,0.00
667qCXmnc2uEPuoqcdcru8UKDASVinczKsS4QaQcvxDi,FePUb9GEKd8wtD5P88WuW3G71HEiUfbNL6D7kJPBuVTq,1.897980641,0.00
5q3PRaDUfvpbn38pEPMHctCjZcHnnLmCDaAFfMNyB9Df,DSjHN9vi45Zpz1HKZxszq6djnG9JkGsSxUakGFWVqoa9,1.889427796,0.00
5SY7vUb1VsRDr9eCAwpyyybsVLA9EbpCaKJQ1BJ27Wje,9G6ss3UwM1VJDX6tS6y2afpavZWchjDApdSCsbaSJ6cc,1.889117377,0.00
9B8kpdMrXH6GcW9B9p9pU9CHVcrBw9JAn4XWBwrBCXDF,Gh6iGcgPzXa44RWLMq3HSBmAxgRyAZkPDnEbQ6vm1kY5,1.878349026,0.00
FYfCEh6FWD6zBcT85JT5FxsUfUstPfdiCDADDSAaMDjS,C3wfSTUcEk4zH9SnHGX9dBbXnw3x8ptRSqkH9n9QDiuL,1.871924572,0.00
s9itLivaRYH89n6ec2QCJaaojr5Fd773BQwLAAvwNsg,8dn16gQaY4aqXyHqECPyz4u38RPyisX6ZdA4sxZGYwMD,1.801769187,0.00
6fXqyRgPbQPNSz65XyYqpy9AycavC4VUuP6VbUhq2JLv,BzxY4tDFvDr7ocgakcqSRYSmkSP2BwosRC6v7QTVDTw8,1.700836215,0.00
BQSsGQQwbM9qy2kH3acY1HHy9az4aX9GrmdPYFikKqM9,HLaD9HGTHt7GkSQDdNxWzGr9aV6cx3e2eVPCcTNpdsFT,1.659030627,0.00
7HuQbNso9yqCK2zYfEYhLFCFDp7Spr8pkSxMunwe5TqG,Gy8XJvihcR8X2WNyaBXiqHS7ACPcgBkSiD9kKXea7gvR,1.583316843,0.00
BypWFEpKV5ZLSAjJCBgcRAy9dzJSaBECBpYeE1xNyDMQ,qWMcZctsZTUEN7KAQ1c9PjtykNhEdSCFgxm5ie7owWq,1.578570658,0.00
6ba98FVjRiuabg7XddsdXD5Zp4QAzY2GTiyWuR7cVNFJ,ByUaoLQqdRgYWbauRZxYJwvk53GC7apAbH3v6qCy9gpN,1.573372124,0.00
ApsUT3rJXK5tERg31FbmL8g4fenr1tVs6UzEDDpAScap,9CYjvqDSKHk1J1DTrUGFN1kA1NrQw5N35q1shGwJgLLj,1.516338076,0.00
ChuEpiMYzzatMJP3uVgqcKuRyr7sN55WVHUMhnu9nfpR,Bprew2hZvWqGKURaJsuDKyEenGD78zJ2Ahi8TG6zWNYo,1.492022915,0.00
DhBSgWZXiXANFmox9tVXWxwKoi99bwoikTAvgGaJBieR,GdDnZGBKKdtgSQBURGjVf5SoXT7qERGZ8FZ1BCZLRDH,1.478508925,0.00
B5UCSGTnb7jxGg5SQoSikDCAQDivwPnThXkEooBHa5gZ,5eLewMFSdFGt4UthyV9v1qfTSRgEQjmqwi2hsZiZHJY,1.380884783,0.00
5Hx8AA6emaZktxWb8fh4UKfa9r9L4cmhe5UNbHgRuLGP,pSkXUKEX9UGe8AHcfUWda17bJXTVNsVoDVjp9uD7VHH,1.37691845,0.00
Fenc8CLMK3MoL5M24vn88FwfyQsrwjixE9XgMiN5akYD,4nCnLwYKDHf4A9xvFCBedEnihdMNx6sLfHsNbvNnuEQ5,1.376262005,0.00
9UDUrDmaSpQFcY9FjioQFLR6J5ZoaQpMQP8SqoE8gpkj,68XfUjyJzJotj9HhoRwMCHNExJ8yCV2oLkMDWYmBBBzH,1.202094426,0.00
DeMy9iCTiVGGBS4YPiQD7Z1QXsjLUoRSgHrc7wY4SFyH,G9b2JxzXAqag5J25oNZxWob2AFaJGFPPWm9eraTaHovk,1.190682236,0.00
BotRTKpDtNrYwUpxnt9kkHCq3mK2BfGPxcJZy2pzXKkH,Hpju53RRMrGr3sKXAC75i8mRTibAw8xona8bs6vSSKew,1.178177499,0.00
AbaHfqfnAAWtouEXF3Fak3dY3zeU1cESw1hiL4rNqApo,8ie54i1Pgsj5eD4ZKHcb4CeBX9vTCBEhXKPwmhfL6Xuv,1.168417173,0.00
LUKET3JPqzoCMZNLos4MN6yHUzpX2qsgjen4uhS86u9,CiKLSZVqjKn3woASh3pgeTuZGy3X14fvRHfimM5xurFX,1.110980985,0.00
Em2tSh3osHW4JfY515VDs67EBsfGa3y4Vmjan8g3LbDG,Eu5KmJY8e7PaJ6a1vjFKrv5rgSHzjJy8DfTDtYrSmq7w,1.088111497,0.00
CjT1HVEGQzqMWigps3rNNj5d2EV4ZK6CHS55rhiPEMzz,G6NXbEkpLR12b9YxRaG2d5beSAa3aMd5wSVXBz3Xp4bG,1.076569304,0.00
FXrSAJpx94sxb43Gsnnsp39CEd5cPS1TKhcfrWtM6V1d,CiTvTpxdrCPfy3CyDfGFoqL3U3vRtfcqfmBrtycm1EKZ,1.06744758,0.00
6sZgxVtwUcTmL8UWfYVzCrzRT3otQWJNJi73D4SZnq4W,Coe3Jz1tLbVgHD1myysS5rGYx5Jxag8hDNLSqb2WtNNP,0.944189396,0.00
AchTNJ6eEnz1YuPKJQ5QzBKXrp2qL3d7cGjuu3xrcevq,4UgXFSngoZWy56txbrXShgjdvKLwAxapsEDC6gMqHpbq,0.925017715,0.00
6XUX57jiwwy2jmybWBhTN8Kqe6f5rV3BeiQwAeaDo5Uw,Fj2otZpm3LdNKpFcaNCxnDeAryxWBViGFfxZ5y38qPae,0.911086538,0.00
GXhRv7rRAcwpBx5hzEGeBSetzxWfGUp2F1U5RdcLHpXf,7rQC2EJyjzLdG5x6gDas2CUkcT5mAha2QgrxZJd3vbCx,0.886489177,0.00
CG2KtVgHDw8U2HGeHz3DdRDuRD4KhoDKHQRhh8QAYC7v,2ULZUYi21rr4qqZyGNNWhmuzV41DJnjWX9ehxGUz8aoY,0.815356322,0.00
ECF8HjLVHxwrfhKKTpipLUe7mzSC4KpFMW8CdABW92Wb,77xgtCgcx5umDdPbghjjGKaGa1ztDbTmCkjPdB9CXJ5m,0.81283778,0.00
AxSCxnK8HQheCTL3YwBZCmLu87SxL6xNJ3CRh98tp6mv,HEz4SK91UQHJhczUFQA3wh7aHpPx5QtdEE47qctHFHH4,0.798191466,0.00
EvrEwXzScAD4YDXi3kkzJEdFVK7ERZo7fb6YuJYxcQFw,GVtAWTrforS8rhSz2j2FrL68AL3wE4GHe8Yn5VP8bNgS,0.727469565,0.00
HBrTtV33iEFWUCQk1uA1jiYyXqF3rjVmqT2gymbwRXC5,7SzB7t73UZ3hFuovfHjQAnSW3eShR5A8bRmycy5qtuWS,0.701343938,0.00
4tAGf8jMPxX77HvgyMwbzyVkZvLQZPqdtzv5x38Mx16D,CFJE42TE7trm7Y8jSoy6bum25kd3To2ZDu2uCXY9Y7LH,0.692341707,0.00
HuTNM2DxiB1Eohm8PDoVX3nyTAbG3yExKxBbFkamwtU4,E3bTt5JcP1GCQ9X8yvvQVuxFyAKjUw7Qg5uTUHzx97ui,0.639345515,0.00
D8kVYKdiMGRA4bj3vpoSSuvGcDPzxPhcaXfHhtecnQHd,682gnLRb51Zk2sBM2FTaTZ4XC9mFmXgFWrVDCnXAtJac,0.615789052,0.00
Eb5HuZZS76V1FTVvg1Pc1by4zMzsCXy46AnUJZVcBTB1,AiPfL2ABzw5zLyt9KAvWns8CvQYoSF2HQPVQiJpmcDi8,0.591779143,0.00
HdQsGjK1XQMmqEUbaXJp1fi3fTM1j35WJwUjHFg5avNX,CNYC7KKLmwwbY6SBJxKJpvVvWudNAtpfXvcYfTzJucWg,0.562450342,0.00
3M14rso6dnY5kTiAtBB6LN3RT4GjG5jMvq68QQDMFJhL,AcujXQCSyYBJU16rdcbQe8PwKoSNbXApvE5QKtbvwpMx,0.473802973,0.00
DJCbYFDcs262Y3fpMQKUgj6zcZCprRZzYGXH9MtHF31g,G8fCANhxUuFFjmY6S3joEpF2SgV6gv2MmhVMZKDTZq2e,0.46823162,0.00
6aF6k3SyZcZzozeFvZGK3iw2hxDLCF2w5ipEbiZQrGq6,3vPqw4tXYxySo392Gok7skupVb1e5dtX2MscECMiQbdo,0.458335174,0.00
CRrq61bfaVJVKTCqGfbvgwKzzxV3ZU4s8yGjr73mii2V,5mAYGX6cgETZC9dTqYbSfhxPqxNvEFAKBmZA6qWsYzhL,0.393423558,0.00
DzxZeWwr5Zjs2Ne8uWhWNCQJ5BE57WWwfa1DazqdVEuj,3cFL2oZmWxNm3MXgJatd8W9pAVfuyTeg1YDaRHKoRRSV,0.374169089,0.00
tEsT1vjsJeKHw9GH5HpnQszn2LWmjR6q1AVCDCj51nd,7vmrNzH2cms27wNAN9J3SG3fQyLsirBW9sdMzH4KtDdL,0.367579899,0.00
GvBEDMvacmHrhnkn6SVemqBbKNCduDb4avy5rWYDVJ7h,C9baGvBVuiocJvP9uMsdrsr2CGgVvjnqeaSaUSuMNz2W,0.362903471,0.00
8ncSmG9X5vuborm8htrfPfrkAgC4cJvs94qC1WfHDJx4,6XBeFccU7rKGdJyXV9QKeWUkTz8hKf5Sa9yaEQroaNdU,0.31349995,0.00
CJp5agn28hw7Gjwj2268ZnChyHF5xoA2RL5qdLmm6ckD,9KGnRmL1qJrUxdGVEGRLgaXxcoqmsyHZ5UEaGUwcdj6m,0.286329939,0.00
FP8ALVwPkwSKvsEJ16FpUfhSg8oGUbgzpF5dzf4WpA4x,FxB9rpo27xhYpmZJxS54ToiN33eSHRUCyurkXNcAqkSV,0.256167289,0.00
6YjKYwYadvSfrd5UQ2t3kG3YzYuREuYokiAX1ywubpHm,chubxcSqAr6tfGyFfTyuKB9NdeNQT3Gz91Ucn8VmgNu,0.232432196,0.00
95Gp7YU8HhwWEMZozK33HApqANMPSzPr6xp4DmjVq6jt,3obAsYgGT7i6a9qwwJJUPKBDiyJWenEy2veJghdJyw6W,0.225292136,0.00
354x7SC3uowGTD9ctB6yVvBT7U3iAmjXHYeGDUHDYeqv,H2eTu21KAN2M9vVJN1h9P8qo1N6LqAkYxuamczCZyK2z,0.222077479,0.00
8VeQPUBuUHDm9gxcBeW1AtcVMhabKp4bnrwdKpGR7Z6B,5Y91j2DDUC28a6toz15R54kuxicCdRsHJbMyAJ6FcN4s,0.159689623,0.00
EjaNMoefxPnMcEkTPwTsLq74mA14LbuveexW5WWDJ9vJ,H78CXtuPkEhMTt8xuWgtGn51aV2HouRutjBiaKufCaUm,0.139522641,0.00
33jWd4tsD5QqPs7KurdxXtK4e8yCVrm5J3cX9TDPeAa8,BmSJL8q5SEaQKvzBenXYuofNhMoX8AF1kFwDCjw4SJZB,0.127469614,0.00
2B7J6sY1YJfNz1EhjN7GeEnhE5XL9BvFT4AtkMSihWRb,FzatEfMfY7G32xmASUMTNFXtbh2J2Cm7qiH5sXsjDio9,0.111163479,0.00
BzXbKD6Nz5M1HxpPTc6tf4AcT3WsuGwNKnWfR7Kgw1bF,RM9Mmq511p4XUmxeoQ6nrtfWde9c29LGky669wgUv2g,0.098835056,0.00
9VhsSZ6ni7dZtmKRHE81yAd3UQW1oKu9LNEWRGFMA5wj,HtruLMidTgbxYY9zVnczqU2ZrJhXn2p2GvH2PJYgfccg,0.086485246,0.00
G3NkxjgWonSjwgU8ZsqvxEZuvnjtfFoqxJAPgj7ZWFd6,s7osiRufGssoDJsU8MTBUei4cLtzokVcP8rC9stUdqF,0.083046621,0.00
Ar8vrMCt1o446mbH7YoiBCNF9akAZLSFbTbxg1WXRBN6,BJmCF2TT6YXcpheF5SZrgLHWMp2QMQJj8pE8PAbYLSXk,0.079345586,0.00
A1BpczkoNqXPs9dumTAKjvZxSwNmfojo8zH2jHpkPu22,6wqKQuj8SxkkeuyHLEJjTmkKPSwxbYGwCpfCA18ZWEco,0.070566666,0.00
Fs6Aw6FNTeoR5Y7jCd3EUMK6nNEzRxHu1CRDQpBYWLVH,FW1wYpExPT3vL4PZvTqeFMaA5RiTdsrmhH6DqyH8hnuN,0.061288446,0.00
CGo22gYJPphSo7RY1ox5xUP5MTLYP5ZardGzNeUwu1yf,8xRPZMmKA4PqVVkKmPhhwbT1ZEFvvmZhxZrXixEWVfoE,0.054300341,0.00
9RMPunW8iLiwxUMXXp8GKMZboX7urnJkwYTsn1xNSAYp,DgBv124bLc4yTSxrk6C92MLijqbWWZuwEtP6HPeaHhZb,0.01434405,0.00
57oXny62PDeCYBs9StfTdStV7zYpGbn3m1yQ1XvG9i2a,A2J89unL5cqHixhU5fgdese1tY9aKqhFTYhN6e6geSBK,0.013231182,0.00
7Yis3sv3PsZKUKfwhV67nZE2BBqTaDMvat2Jfmmn769U,CozeRfhM8NPhstuTZL5pmZcb9XZkWqh6Ji2fFYJPxydL,0.001505523,0.00
79eFrvwp4ekeYftr37Vkop5DQB5SUPYuR4t4fKEHeNaJ,6SquhPcjFzDMDy6c1zHsqFpqX2ydhWgX1PuJqXDe4jsH,0.001369999,0.00
J3djQHbAfrAUh5WqL8rXsXGbTPSRxo9wyfvT7JnzEzd4,6N6ZWysj5AwtoQyAxmnrU1Fy3dJ2fujKZAmW7oi1LKog,0.00120442,0.00
5CgzeVswVnLdhNKZmc9yooYdfSR6yXMVoS6PWMpHwqUq,Aa8X9FNpxFi9HifoJhUWcVqMQfRrfZeNjafLogaxNoza,0.0000589,0.00
DK3xfuHRtES4TRTeLi249JrKej3JxusSm2H42zpN4q54,4kKtYETtP2YFYu1voShvwdivUbAWB9QhUtGfrUQFc8H9,1e-9,0.00
5nn4KaejvFPNvrHww7aUV8ooWDhJ7ST5e2vxijjKwQpE,J3wSWLC3uR3DkdSHH1jFgrPNjRpzxEbWGa1WCQjkn6vd,1e-9,0.00
J4Ap8CB7KtP1WGXiW6EhYT5ciBb1h7M6AhJhFLkk71LQ,5MBxDJ3kUDAeZABuUd9obJDAgNu8RhjuywcMsuvFEKCx,1e-9,0.00
9QR6N8fNj6Sk7yQFgLz9Ci5UVboY1GVtE6GC1FzJ4KuN,DLUgcWkGhV13zdiD43bn141yxYNEVGmDWmGagMfJtqRS,1e-9,0.00
J9ERiFMKkPWVkatuo56j2LtrbQknnSxJ5Qbk4Rh2NN9G,HbxDZMyY1ND9nLEPYU9QGCdAxPP76urhGEcHRVN7xFWx,1e-9,0.00
ARAt2xJXd2SggjBkwBH9cGpmntTbv8sWRNnrJjfv3SH7,HjDxs2sqoiu8DrXPhE56ESqGv3Xsp9usrpwBNDPenxMN,1e-9,0.00
7wyBzR4p7WMfmAQ6XosRLmnEXxfLscLgo1mXf5s3yDL2,6k7UpgHoobmwxwTj7u9v5pteAyMRVdGhyMCCG36EH3b2,1e-9,0.00
4z9KA7QmFvmkA6ABdzyfEBGUMsbm1T6NzEDjhfGMxJJs,HQLp2o4h4kTq8dh4VAZ8jukYeaMZ2Ut9LYtE4fYgM3iQ,1e-9,0.00
4ez5gw1dz1AJ9FxYENZQnWYbYj9VHZhMjij5bzFVfs7H,icXxzqe92ZrMEynpKCPUyYANhst6CXCfCx5L3CHYLFb,1e-9,0.00